"Row_ID","Object_ID","Name","Type","Value","X","Y","Z","CRS","Event","Event_Status","Year_Status","Event_Date","Year_Min","Year_Max","Source_Year","Record_ID","Relation_ID","Geometry_Status","Right_Scope","Geo_ID","Geo_Source","Right_Source","Note","Review"
"P01_E034","P01","Centrale de Mottec","水电站","1959","7.619988","46.153037","0","EPSG:4326","上段特许权期限起点","documented","year","","","","2025","R014","U_grant","已核对官方设施点","上段授权组","503200","https://api3.geo.admin.ch/rest/services/ech/MapServer/find?layer=ch.bfe.statistik-wasserkraftanlagen&searchField=name&searchText=Mottec&contains=true&geometryFormat=geojson&returnGeometry=true&sr=4326&lang=fr","Savoy_Analyse de la gouvernance de la multifonctionnalité.pdf PDF 78,94","","待审理"
"P01_E024","P01","Centrale de Mottec","水电站","2022","7.619988","46.153037","0","EPSG:4326","现代化增值／残值补偿纳入约定","documented","year","","","","2022","R012","VAL22","已核对官方设施点","","503200","https://api3.geo.admin.ch/rest/services/ech/MapServer/find?layer=ch.bfe.statistik-wasserkraftanlagen&searchField=name&searchText=Mottec&contains=true&geometryFormat=geojson&returnGeometry=true&sr=4326&lang=fr","Bagnoud_Val d’Anniviers-on prépare déjà l’échéance de la concession des Forces motrices de la Gougra en 2039.pdf PDF 4,5","","待审理"
"P01_E025","P01","Centrale de Mottec","水电站","2039","7.619988","46.153037","0","EPSG:4326","现代化补偿约定结算时点","future_obligation","year","","","","2022","R012","VAL22","已核对官方设施点","","503200","https://api3.geo.admin.ch/rest/services/ech/MapServer/find?layer=ch.bfe.statistik-wasserkraftanlagen&searchField=name&searchText=Mottec&contains=true&geometryFormat=geojson&returnGeometry=true&sr=4326&lang=fr","Bagnoud_Val d’Anniviers-on prépare déjà l’échéance de la concession des Forces motrices de la Gougra en 2039.pdf PDF 4,5","","待审理"
"P01_E035","P01","Centrale de Mottec","水电站","2039","7.619988","46.153037","0","EPSG:4326","上段特许权期限届满","future","year","","","","2025","R014","U_grant","已核对官方设施点","上段授权组","503200","https://api3.geo.admin.ch/rest/services/ech/MapServer/find?layer=ch.bfe.statistik-wasserkraftanlagen&searchField=name&searchText=Mottec&contains=true&geometryFormat=geojson&returnGeometry=true&sr=4326&lang=fr","Savoy_Analyse de la gouvernance de la multifonctionnalité.pdf PDF 78,94","","待审理"
"P02_E034","P02","Centrale de Vissoie","水电站","1959","7.585969","46.209938","0","EPSG:4326","上段特许权期限起点","documented","year","","","","2025","R014","U_grant","已核对官方设施点","上段授权组","503300","https://api3.geo.admin.ch/rest/services/ech/MapServer/find?layer=ch.bfe.statistik-wasserkraftanlagen&searchField=name&searchText=Vissoie&contains=true&geometryFormat=geojson&returnGeometry=true&sr=4326&lang=fr","Savoy_Analyse de la gouvernance de la multifonctionnalité.pdf PDF 78,94","主电站；未用同名村庄或辅助机组点。","待审理"
"P02_E024","P02","Centrale de Vissoie","水电站","2022","7.585969","46.209938","0","EPSG:4326","现代化增值／残值补偿纳入约定","documented","year","","","","2022","R012","VAL22","已核对官方设施点","","503300","https://api3.geo.admin.ch/rest/services/ech/MapServer/find?layer=ch.bfe.statistik-wasserkraftanlagen&searchField=name&searchText=Vissoie&contains=true&geometryFormat=geojson&returnGeometry=true&sr=4326&lang=fr","Bagnoud_Val d’Anniviers-on prépare déjà l’échéance de la concession des Forces motrices de la Gougra en 2039.pdf PDF 4,5","主电站；未用同名村庄或辅助机组点。","待审理"
"P02_E025","P02","Centrale de Vissoie","水电站","2039","7.585969","46.209938","0","EPSG:4326","现代化补偿约定结算时点","future_obligation","year","","","","2022","R012","VAL22","已核对官方设施点","","503300","https://api3.geo.admin.ch/rest/services/ech/MapServer/find?layer=ch.bfe.statistik-wasserkraftanlagen&searchField=name&searchText=Vissoie&contains=true&geometryFormat=geojson&returnGeometry=true&sr=4326&lang=fr","Bagnoud_Val d’Anniviers-on prépare déjà l’échéance de la concession des Forces motrices de la Gougra en 2039.pdf PDF 4,5","主电站；未用同名村庄或辅助机组点。","待审理"
"P02_E035","P02","Centrale de Vissoie","水电站","2039","7.585969","46.209938","0","EPSG:4326","上段特许权期限届满","future","year","","","","2025","R014","U_grant","已核对官方设施点","上段授权组","503300","https://api3.geo.admin.ch/rest/services/ech/MapServer/find?layer=ch.bfe.statistik-wasserkraftanlagen&searchField=name&searchText=Vissoie&contains=true&geometryFormat=geojson&returnGeometry=true&sr=4326&lang=fr","Savoy_Analyse de la gouvernance de la multifonctionnalité.pdf PDF 78,94","主电站；未用同名村庄或辅助机组点。","待审理"
"P03_E035","P03","Centrale de Lona","水电站","2039","7.545824","46.1552","0","EPSG:4326","上段特许权期限届满","future","year","","","","2025","R014","U_grant","已核对官方设施点","上段授权组","503100","https://api3.geo.admin.ch/rest/services/ech/MapServer/find?layer=ch.bfe.statistik-wasserkraftanlagen&searchField=name&searchText=Lona&contains=true&geometryFormat=geojson&returnGeometry=true&sr=4326&lang=fr","Savoy_Analyse de la gouvernance de la multifonctionnalité.pdf PDF 78,94","设施投运与特许权期限起点不同；不把整体历史授权回填为本设施已建。","待审理"
"P04_E013","P04","Centrale de Navizence","水电站","2004","7.54672","46.281587","0","EPSG:4326","Navizence下段授权续期","documented","year","","","","2025","R008","L_grant","已核对官方设施点","Vissoie电站出水口至Rhône回水口，含Fang","503400","https://api3.geo.admin.ch/rest/services/ech/MapServer/find?layer=ch.bfe.statistik-wasserkraftanlagen&searchField=name&searchText=Navizence&contains=true&geometryFormat=geojson&returnGeometry=true&sr=4326&lang=fr","Savoy_Analyse de la gouvernance de la multifonctionnalité.pdf PDF 104","","待审理"
"P04_E014","P04","Centrale de Navizence","水电站","2009","7.54672","46.281587","0","EPSG:4326","Navizence下段授权州核准","documented","day","2009-01-28","","","2025","R008","","已核对官方设施点","Vissoie电站出水口至Rhône回水口，含Fang","503400","https://api3.geo.admin.ch/rest/services/ech/MapServer/find?layer=ch.bfe.statistik-wasserkraftanlagen&searchField=name&searchText=Navizence&contains=true&geometryFormat=geojson&returnGeometry=true&sr=4326&lang=fr","Savoy_Analyse de la gouvernance de la multifonctionnalité.pdf PDF 104","","待审理"
"P04_E015","P04","Centrale de Navizence","水电站","2084","7.54672","46.281587","0","EPSG:4326","Navizence下段授权届满","future","year","","","","2025","R008","L2084","已核对官方设施点","Vissoie电站出水口至Rhône回水口，含Fang","503400","https://api3.geo.admin.ch/rest/services/ech/MapServer/find?layer=ch.bfe.statistik-wasserkraftanlagen&searchField=name&searchText=Navizence&contains=true&geometryFormat=geojson&returnGeometry=true&sr=4326&lang=fr","Savoy_Analyse de la gouvernance de la multifonctionnalité.pdf PDF 104","","待审理"
"P05_E034","P05","Barrage de Moiry","坝体","1959","7.570625","46.13691","0","EPSG:4326","上段特许权期限起点","documented","year","","","","2025","R014","U_grant","已核对官方设施点","上段授权组","130676945","https://api3.geo.admin.ch/rest/services/ech/MapServer/find?layer=ch.bfe.stauanlagen-bundesaufsicht&searchField=damname&searchText=Moiry&contains=true&geometryFormat=geojson&returnGeometry=true&sr=4326&lang=fr","Savoy_Analyse de la gouvernance de la multifonctionnalité.pdf PDF 78,94","采用官方坝体点；不代表整个水库。","待审理"
"P05_E039","P05","Barrage de Moiry","坝体","2021","7.570625","46.13691","0","EPSG:4326","Moiry加高列入圆桌优先项目","proposal","year","","","","2025","R016","","已核对官方设施点","","130676945","https://api3.geo.admin.ch/rest/services/ech/MapServer/find?layer=ch.bfe.stauanlagen-bundesaufsicht&searchField=damname&searchText=Moiry&contains=true&geometryFormat=geojson&returnGeometry=true&sr=4326&lang=fr","Savoy_Analyse de la gouvernance de la multifonctionnalité.pdf PDF 78","采用官方坝体点；不代表整个水库。；既有坝体定位；加高尚不视为已建。","待审理"
"P05_E026","P05","Barrage de Moiry","坝体","2039","7.570625","46.13691","0","EPSG:4326","上段涉水资产回归安排","future","year","","","","2022","R013","RETURN39","已核对官方设施点","","130676945","https://api3.geo.admin.ch/rest/services/ech/MapServer/find?layer=ch.bfe.stauanlagen-bundesaufsicht&searchField=damname&searchText=Moiry&contains=true&geometryFormat=geojson&returnGeometry=true&sr=4326&lang=fr","Bagnoud_Val d’Anniviers-on prépare déjà l’échéance de la concession des Forces motrices de la Gougra en 2039.pdf PDF 4","采用官方坝体点；不代表整个水库。；工程关联；最终移交边界以资产清册为准。","待审理"
"P05_E035","P05","Barrage de Moiry","坝体","2039","7.570625","46.13691","0","EPSG:4326","上段特许权期限届满","future","year","","","","2025","R014","U_grant","已核对官方设施点","上段授权组","130676945","https://api3.geo.admin.ch/rest/services/ech/MapServer/find?layer=ch.bfe.stauanlagen-bundesaufsicht&searchField=damname&searchText=Moiry&contains=true&geometryFormat=geojson&returnGeometry=true&sr=4326&lang=fr","Savoy_Analyse de la gouvernance de la multifonctionnalité.pdf PDF 78,94","采用官方坝体点；不代表整个水库。","待审理"
"P05_E040","P05","Barrage de Moiry","坝体","","7.570625","46.13691","0","EPSG:4326","拟议加高投资补偿待谈","proposal","unknown","","","","2025","R016","","已核对官方设施点","","130676945","https://api3.geo.admin.ch/rest/services/ech/MapServer/find?layer=ch.bfe.stauanlagen-bundesaufsicht&searchField=damname&searchText=Moiry&contains=true&geometryFormat=geojson&returnGeometry=true&sr=4326&lang=fr","Savoy_Analyse de la gouvernance de la multifonctionnalité.pdf PDF 78","采用官方坝体点；不代表整个水库。；不把报道日期当成签约年份。","待审理"
"P06_E034","P06","Barrage de Tourtemagne / Turtmann","坝体","1959","7.693062","46.169805","0","EPSG:4326","上段特许权期限起点","documented","year","","","","2025","R014","U_grant","已核对官方设施点","上段授权组","130677021","https://api3.geo.admin.ch/rest/services/ech/MapServer/find?layer=ch.bfe.stauanlagen-bundesaufsicht&searchField=damname&searchText=Turtmann&contains=true&geometryFormat=geojson&returnGeometry=true&sr=4326&lang=fr","Savoy_Analyse de la gouvernance de la multifonctionnalité.pdf PDF 78,94","Tourtemagne为文献法文名称；官方设施名Turtmann，与流域和工程一致。","待审理"
"P06_E026","P06","Barrage de Tourtemagne / Turtmann","坝体","2039","7.693062","46.169805","0","EPSG:4326","上段涉水资产回归安排","future","year","","","","2022","R013","RETURN39","已核对官方设施点","","130677021","https://api3.geo.admin.ch/rest/services/ech/MapServer/find?layer=ch.bfe.stauanlagen-bundesaufsicht&searchField=damname&searchText=Turtmann&contains=true&geometryFormat=geojson&returnGeometry=true&sr=4326&lang=fr","Bagnoud_Val d’Anniviers-on prépare déjà l’échéance de la concession des Forces motrices de la Gougra en 2039.pdf PDF 4","Tourtemagne为文献法文名称；官方设施名Turtmann，与流域和工程一致。；工程关联；最终移交边界以资产清册为准。","待审理"
"P06_E035","P06","Barrage de Tourtemagne / Turtmann","坝体","2039","7.693062","46.169805","0","EPSG:4326","上段特许权期限届满","future","year","","","","2025","R014","U_grant","已核对官方设施点","上段授权组","130677021","https://api3.geo.admin.ch/rest/services/ech/MapServer/find?layer=ch.bfe.stauanlagen-bundesaufsicht&searchField=damname&searchText=Turtmann&contains=true&geometryFormat=geojson&returnGeometry=true&sr=4326&lang=fr","Savoy_Analyse de la gouvernance de la multifonctionnalité.pdf PDF 78,94","Tourtemagne为文献法文名称；官方设施名Turtmann，与流域和工程一致。","待审理"
"P07_E073","P07","Barrage de Cleuson","坝体","","7.321586","46.11228","0","EPSG:4326","按需请求增加灌溉下泄","documented","unknown","","","","2025","R032","","已核对官方设施点","","130676867","https://api3.geo.admin.ch/rest/services/ech/MapServer/find?layer=ch.bfe.stauanlagen-bundesaufsicht&searchField=damname&searchText=Cleuson&contains=true&geometryFormat=geojson&returnGeometry=true&sr=4326&lang=fr","Savoy_Analyse de la gouvernance de la multifonctionnalité.pdf PDF 45,46","访谈年份仅为观测日期；没有固定的逐次权利变更年份。","待审理"
"P08_E078","P08","Barrage de l’Hongrin Nord","坝体","1971","7.04395","46.42524","0","EPSG:4326","资料记载的运行起算／授权期限起点","documented","day","1971-10-01","","","2025","R034","","已核对官方设施点","","130676900","https://api3.geo.admin.ch/rest/services/ech/MapServer/find?layer=ch.bfe.stauanlagen-bundesaufsicht&searchField=damname&searchText=Hongrin&contains=true&geometryFormat=geojson&returnGeometry=true&sr=4326&lang=fr","Savoy_Analyse de la gouvernance de la multifonctionnalité.pdf PDF 57；Savoy PDF58","仅采用研究对特许期限起算的口径，不替换设备投运统计。","待审理"
"P08_E079","P08","Barrage de l’Hongrin Nord","坝体","2051","7.04395","46.42524","0","EPSG:4326","资料记载的授权终期","future","month","2051-09","","","2025","R034","","已核对官方设施点","","130676900","https://api3.geo.admin.ch/rest/services/ech/MapServer/find?layer=ch.bfe.stauanlagen-bundesaufsicht&searchField=damname&searchText=Hongrin&contains=true&geometryFormat=geojson&returnGeometry=true&sr=4326&lang=fr","Savoy_Analyse de la gouvernance de la multifonctionnalité.pdf PDF 57；Savoy PDF58","","待审理"
"P09_E078","P09","Barrage de l’Hongrin Sud","坝体","1971","7.041101","46.423521","0","EPSG:4326","资料记载的运行起算／授权期限起点","documented","day","1971-10-01","","","2025","R034","","已核对官方设施点","","130676901","https://api3.geo.admin.ch/rest/services/ech/MapServer/find?layer=ch.bfe.stauanlagen-bundesaufsicht&searchField=damname&searchText=Hongrin&contains=true&geometryFormat=geojson&returnGeometry=true&sr=4326&lang=fr","Savoy_Analyse de la gouvernance de la multifonctionnalité.pdf PDF 57；Savoy PDF58","仅采用研究对特许期限起算的口径，不替换设备投运统计。","待审理"
"P09_E079","P09","Barrage de l’Hongrin Sud","坝体","2051","7.041101","46.423521","0","EPSG:4326","资料记载的授权终期","future","month","2051-09","","","2025","R034","","已核对官方设施点","","130676901","https://api3.geo.admin.ch/rest/services/ech/MapServer/find?layer=ch.bfe.stauanlagen-bundesaufsicht&searchField=damname&searchText=Hongrin&contains=true&geometryFormat=geojson&returnGeometry=true&sr=4326&lang=fr","Savoy_Analyse de la gouvernance de la multifonctionnalité.pdf PDF 57；Savoy PDF58","","待审理"
"P10_E058","P10","Centrale de Bieudron","水电站","1987","7.253063","46.182263","0","EPSG:4326","Cleuson-Dixence项目协议","documented","year","","","","2025","R027","","已核对官方设施点","","504950","https://api3.geo.admin.ch/rest/services/ech/MapServer/find?layer=ch.bfe.statistik-wasserkraftanlagen&searchField=name&searchText=Bieudron&contains=true&geometryFormat=geojson&returnGeometry=true&sr=4326&lang=fr","Savoy_Analyse de la gouvernance de la multifonctionnalité.pdf PDF 24,36","工程关联位置；早期协议时设施可能尚未建成。","待审理"
"P10_E059","P10","Centrale de Bieudron","水电站","1989","7.253063","46.182263","0","EPSG:4326","Cleuson-Dixence议定安排","documented","year","","","","2025","R027","","已核对官方设施点","","504950","https://api3.geo.admin.ch/rest/services/ech/MapServer/find?layer=ch.bfe.statistik-wasserkraftanlagen&searchField=name&searchText=Bieudron&contains=true&geometryFormat=geojson&returnGeometry=true&sr=4326&lang=fr","Savoy_Analyse de la gouvernance de la multifonctionnalité.pdf PDF 24,36","工程关联位置；早期协议时设施可能尚未建成。","待审理"
"P10_E060","P10","Centrale de Bieudron","水电站","2021","7.253063","46.182263","0","EPSG:4326","追加折旧协议（表格年份口径）","source_conflict","year","","","","2025","R027","","已核对官方设施点","","504950","https://api3.geo.admin.ch/rest/services/ech/MapServer/find?layer=ch.bfe.statistik-wasserkraftanlagen&searchField=name&searchText=Bieudron&contains=true&geometryFormat=geojson&returnGeometry=true&sr=4326&lang=fr","Savoy_Analyse de la gouvernance de la multifonctionnalité.pdf PDF 24,36","两处追加协议年份互有差异；保留而不视为已证实两份不同追加合同。","待审理"
"P10_E061","P10","Centrale de Bieudron","水电站","2022","7.253063","46.182263","0","EPSG:4326","追加折旧协议（正文年份口径）","source_conflict","year","","","","2025","R027","","已核对官方设施点","","504950","https://api3.geo.admin.ch/rest/services/ech/MapServer/find?layer=ch.bfe.statistik-wasserkraftanlagen&searchField=name&searchText=Bieudron&contains=true&geometryFormat=geojson&returnGeometry=true&sr=4326&lang=fr","Savoy_Analyse de la gouvernance de la multifonctionnalité.pdf PDF 24,36","两处追加协议年份互有差异；保留而不视为已证实两份不同追加合同。","待审理"
"P10_E062","P10","Centrale de Bieudron","水电站","2045","7.253063","46.182263","0","EPSG:4326","表格记载的折旧期末","future","year","","","","2025","R027","","已核对官方设施点","","504950","https://api3.geo.admin.ch/rest/services/ech/MapServer/find?layer=ch.bfe.statistik-wasserkraftanlagen&searchField=name&searchText=Bieudron&contains=true&geometryFormat=geojson&returnGeometry=true&sr=4326&lang=fr","Savoy_Analyse de la gouvernance de la multifonctionnalité.pdf PDF 24,36","工程关联位置；早期协议时设施可能尚未建成。","待审理"
"P11_E050","P11","Restaurant Lac de Moiry","房屋","","7.5734296","46.1386718","0","EPSG:4326","牧场租赁及右岸餐厅转租链","documented","unknown","","","","2025","R022","","已核对官方建筑点","","{3528E978-6F6F-4081-9EB0-614079E88DA1}","https://data.geo.admin.ch/ch.swisstopo.swissnames3d/swissnames3d_2026/swissnames3d_2026_2056.gpkg","Savoy_Analyse de la gouvernance de la multifonctionnalité.pdf PDF 96","建筑只是转租链关联对象；土地租赁标的另列。；餐厅仅为转租链关联建筑，土地标的另列。","待审理"
