"Row_ID","Object_ID","Name","Type","Value","Geometry_Status","Geometry_File","Right_Scope","Event","Event_Status","Year_Status","Event_Date","Year_Min","Year_Max","Source_Year","Record_ID","Relation_ID","CRS","Geometry_Scope","Official_Name","Geo_ID","Geo_Source","Right_Source","Note","Review"
"L01_E027","L01","La Gougra","河流／灌渠","1943","已核对具名地物参考线形","lines_wgs84.geojson","两历史市镇各自范围","Grimentz与Ayer分别授予私人水力权","documented","year","","","","2025","R014","H43_grimentz;H43_ayer","EPSG:4326","官方现状名称对应线形；未按特许权或历史年代裁切","La Gougra","{207CCFD3-EED7-40FA-9F8D-5148720A947B};{8F76A34A-6646-4935-8B86-58DDB95C9BD8};{78C400BA-B911-4008-A1B9-C57C337FA449};{881838C8-1941-4D6A-AD36-24BE625DD544}","https://data.geo.admin.ch/ch.swisstopo.swissnames3d/swissnames3d_2026/swissnames3d_2026_2056.gpkg","Savoy_Analyse de la gouvernance de la multifonctionnalité.pdf PDF 78,94","","待审理"
"L01_E032","L01","La Gougra","河流／灌渠","1953","已核对具名地物参考线形","lines_wgs84.geojson","","Isotherme向FMG转让已汇集的特许权","documented","year","","","","2025","R014","H53","EPSG:4326","官方现状名称对应线形；未按特许权或历史年代裁切","La Gougra","{207CCFD3-EED7-40FA-9F8D-5148720A947B};{8F76A34A-6646-4935-8B86-58DDB95C9BD8};{78C400BA-B911-4008-A1B9-C57C337FA449};{881838C8-1941-4D6A-AD36-24BE625DD544}","https://data.geo.admin.ch/ch.swisstopo.swissnames3d/swissnames3d_2026/swissnames3d_2026_2056.gpkg","Savoy_Analyse de la gouvernance de la multifonctionnalité.pdf PDF 78,94","完整转让清单未披露，仅映射已知水体。","待审理"
"L01_E034","L01","La Gougra","河流／灌渠","1959","已核对具名地物参考线形","lines_wgs84.geojson","上段授权组","上段特许权期限起点","documented","year","","","","2025","R014","U_grant","EPSG:4326","官方现状名称对应线形；未按特许权或历史年代裁切","La Gougra","{207CCFD3-EED7-40FA-9F8D-5148720A947B};{8F76A34A-6646-4935-8B86-58DDB95C9BD8};{78C400BA-B911-4008-A1B9-C57C337FA449};{881838C8-1941-4D6A-AD36-24BE625DD544}","https://data.geo.admin.ch/ch.swisstopo.swissnames3d/swissnames3d_2026/swissnames3d_2026_2056.gpkg","Savoy_Analyse de la gouvernance de la multifonctionnalité.pdf PDF 78,94","","待审理"
"L01_E012","L01","La Gougra","河流／灌渠","2016","已核对具名地物参考线形","lines_wgs84.geojson","上段整体治理；河段未裁切","跨流域生态治理和剩余流量折衷","documented","day","2016-10-19","","","2025","R007","","EPSG:4326","官方现状名称对应线形；未按特许权或历史年代裁切","La Gougra","{207CCFD3-EED7-40FA-9F8D-5148720A947B};{8F76A34A-6646-4935-8B86-58DDB95C9BD8};{78C400BA-B911-4008-A1B9-C57C337FA449};{881838C8-1941-4D6A-AD36-24BE625DD544}","https://data.geo.admin.ch/ch.swisstopo.swissnames3d/swissnames3d_2026/swissnames3d_2026_2056.gpkg","Savoy_Analyse de la gouvernance de la multifonctionnalité.pdf PDF 81","","待审理"
"L01_E035","L01","La Gougra","河流／灌渠","2039","已核对具名地物参考线形","lines_wgs84.geojson","上段授权组","上段特许权期限届满","future","year","","","","2025","R014","U_grant","EPSG:4326","官方现状名称对应线形；未按特许权或历史年代裁切","La Gougra","{207CCFD3-EED7-40FA-9F8D-5148720A947B};{8F76A34A-6646-4935-8B86-58DDB95C9BD8};{78C400BA-B911-4008-A1B9-C57C337FA449};{881838C8-1941-4D6A-AD36-24BE625DD544}","https://data.geo.admin.ch/ch.swisstopo.swissnames3d/swissnames3d_2026/swissnames3d_2026_2056.gpkg","Savoy_Analyse de la gouvernance de la multifonctionnalité.pdf PDF 78,94","","待审理"
"L01_E028","L01","La Gougra","河流／灌渠","","已核对具名地物参考线形","lines_wgs84.geojson","","私人向Isotherme转让","documented","bounded_unknown","","1943","1953","2025","R014","H_private","EPSG:4326","官方现状名称对应线形；未按特许权或历史年代裁切","La Gougra","{207CCFD3-EED7-40FA-9F8D-5148720A947B};{8F76A34A-6646-4935-8B86-58DDB95C9BD8};{78C400BA-B911-4008-A1B9-C57C337FA449};{881838C8-1941-4D6A-AD36-24BE625DD544}","https://data.geo.admin.ch/ch.swisstopo.swissnames3d/swissnames3d_2026/swissnames3d_2026_2056.gpkg","Savoy_Analyse de la gouvernance de la multifonctionnalité.pdf PDF 78,94","只保存事件前后界限，不把端点当成转让年份。","待审理"
"L01_E033","L01","La Gougra","河流／灌渠","","已核对具名地物参考线形","lines_wgs84.geojson","上段授权组","上段各项分立授权文书","documented","interval_unknown","","1950","1957","2025","R014","","EPSG:4326","官方现状名称对应线形；未按特许权或历史年代裁切","La Gougra","{207CCFD3-EED7-40FA-9F8D-5148720A947B};{8F76A34A-6646-4935-8B86-58DDB95C9BD8};{78C400BA-B911-4008-A1B9-C57C337FA449};{881838C8-1941-4D6A-AD36-24BE625DD544}","https://data.geo.admin.ch/ch.swisstopo.swissnames3d/swissnames3d_2026/swissnames3d_2026_2056.gpkg","Savoy_Analyse de la gouvernance de la multifonctionnalité.pdf PDF 78,94","未将区间内各年生成为独立事件。","待审理"
"L02_E034","L02","Navizence / La Navisence","河流／灌渠","1959","已核对具名地物参考线形","lines_wgs84.geojson","上段授权组","上段特许权期限起点","documented","year","","","","2025","R014","U_grant","EPSG:4326","官方现状名称对应线形；未按特许权或历史年代裁切","La Navisence","{8BEE80CF-219F-445F-AD94-54C1E6DCFEA1}","https://data.geo.admin.ch/ch.swisstopo.swissnames3d/swissnames3d_2026/swissnames3d_2026_2056.gpkg","Savoy_Analyse de la gouvernance de la multifonctionnalité.pdf PDF 78,94","同一河流的上段与下段事件分别标注；几何不替代特许段界线。","待审理"
"L02_E013","L02","Navizence / La Navisence","河流／灌渠","2004","已核对具名地物参考线形","lines_wgs84.geojson","Vissoie电站出水口至Rhône回水口，含Fang","Navizence下段授权续期","documented","year","","","","2025","R008","L_grant","EPSG:4326","官方现状名称对应线形；未按特许权或历史年代裁切","La Navisence","{8BEE80CF-219F-445F-AD94-54C1E6DCFEA1}","https://data.geo.admin.ch/ch.swisstopo.swissnames3d/swissnames3d_2026/swissnames3d_2026_2056.gpkg","Savoy_Analyse de la gouvernance de la multifonctionnalité.pdf PDF 104","同一河流的上段与下段事件分别标注；几何不替代特许段界线。","待审理"
"L02_E014","L02","Navizence / La Navisence","河流／灌渠","2009","已核对具名地物参考线形","lines_wgs84.geojson","Vissoie电站出水口至Rhône回水口，含Fang","Navizence下段授权州核准","documented","day","2009-01-28","","","2025","R008","","EPSG:4326","官方现状名称对应线形；未按特许权或历史年代裁切","La Navisence","{8BEE80CF-219F-445F-AD94-54C1E6DCFEA1}","https://data.geo.admin.ch/ch.swisstopo.swissnames3d/swissnames3d_2026/swissnames3d_2026_2056.gpkg","Savoy_Analyse de la gouvernance de la multifonctionnalité.pdf PDF 104","同一河流的上段与下段事件分别标注；几何不替代特许段界线。","待审理"
"L02_E012","L02","Navizence / La Navisence","河流／灌渠","2016","已核对具名地物参考线形","lines_wgs84.geojson","上段整体治理；河段未裁切","跨流域生态治理和剩余流量折衷","documented","day","2016-10-19","","","2025","R007","","EPSG:4326","官方现状名称对应线形；未按特许权或历史年代裁切","La Navisence","{8BEE80CF-219F-445F-AD94-54C1E6DCFEA1}","https://data.geo.admin.ch/ch.swisstopo.swissnames3d/swissnames3d_2026/swissnames3d_2026_2056.gpkg","Savoy_Analyse de la gouvernance de la multifonctionnalité.pdf PDF 81","同一河流的上段与下段事件分别标注；几何不替代特许段界线。","待审理"
"L02_E035","L02","Navizence / La Navisence","河流／灌渠","2039","已核对具名地物参考线形","lines_wgs84.geojson","上段授权组","上段特许权期限届满","future","year","","","","2025","R014","U_grant","EPSG:4326","官方现状名称对应线形；未按特许权或历史年代裁切","La Navisence","{8BEE80CF-219F-445F-AD94-54C1E6DCFEA1}","https://data.geo.admin.ch/ch.swisstopo.swissnames3d/swissnames3d_2026/swissnames3d_2026_2056.gpkg","Savoy_Analyse de la gouvernance de la multifonctionnalité.pdf PDF 78,94","同一河流的上段与下段事件分别标注；几何不替代特许段界线。","待审理"
"L02_E015","L02","Navizence / La Navisence","河流／灌渠","2084","已核对具名地物参考线形","lines_wgs84.geojson","Vissoie电站出水口至Rhône回水口，含Fang","Navizence下段授权届满","future","year","","","","2025","R008","L2084","EPSG:4326","官方现状名称对应线形；未按特许权或历史年代裁切","La Navisence","{8BEE80CF-219F-445F-AD94-54C1E6DCFEA1}","https://data.geo.admin.ch/ch.swisstopo.swissnames3d/swissnames3d_2026/swissnames3d_2026_2056.gpkg","Savoy_Analyse de la gouvernance de la multifonctionnalité.pdf PDF 104","同一河流的上段与下段事件分别标注；几何不替代特许段界线。","待审理"
"L02_E033","L02","Navizence / La Navisence","河流／灌渠","","已核对具名地物参考线形","lines_wgs84.geojson","上段授权组","上段各项分立授权文书","documented","interval_unknown","","1950","1957","2025","R014","","EPSG:4326","官方现状名称对应线形；未按特许权或历史年代裁切","La Navisence","{8BEE80CF-219F-445F-AD94-54C1E6DCFEA1}","https://data.geo.admin.ch/ch.swisstopo.swissnames3d/swissnames3d_2026/swissnames3d_2026_2056.gpkg","Savoy_Analyse de la gouvernance de la multifonctionnalité.pdf PDF 78,94","同一河流的上段与下段事件分别标注；几何不替代特许段界线。；未将区间内各年生成为独立事件。","待审理"
"L03_E029","L03","Turtmänna","河流／灌渠","1951","已核对具名地物参考线形","lines_wgs84.geojson","Oberems历史授权段","Oberems向Isotherme授予水力权","documented","year","","","","2025","R014","H_oberems","EPSG:4326","官方现状名称对应线形；未按特许权或历史年代裁切","Turtmänna","{1BA4E75F-4059-45FD-8FEA-7CCC464D983A};{EEF28B2B-5EA5-4F03-BB68-CBD7213E3639};{494C1942-440A-4CA5-A1D5-FB5EC9077264};{693713B0-DC57-4954-9071-873B6CA01FAF}","https://data.geo.admin.ch/ch.swisstopo.swissnames3d/swissnames3d_2026/swissnames3d_2026_2056.gpkg","Savoy_Analyse de la gouvernance de la multifonctionnalité.pdf PDF 78,94","各市镇历史授权段界线未核定。","待审理"
"L03_E030","L03","Turtmänna","河流／灌渠","1952","已核对具名地物参考线形","lines_wgs84.geojson","Ergisch历史授权段","Ergisch向Isotherme授予水力权","documented","year","","","","2025","R014","H_ergisch","EPSG:4326","官方现状名称对应线形；未按特许权或历史年代裁切","Turtmänna","{1BA4E75F-4059-45FD-8FEA-7CCC464D983A};{EEF28B2B-5EA5-4F03-BB68-CBD7213E3639};{494C1942-440A-4CA5-A1D5-FB5EC9077264};{693713B0-DC57-4954-9071-873B6CA01FAF}","https://data.geo.admin.ch/ch.swisstopo.swissnames3d/swissnames3d_2026/swissnames3d_2026_2056.gpkg","Savoy_Analyse de la gouvernance de la multifonctionnalité.pdf PDF 78,94","各市镇历史授权段界线未核定。","待审理"
"L03_E031","L03","Turtmänna","河流／灌渠","1952","已核对具名地物参考线形","lines_wgs84.geojson","Turtmann历史授权段","Turtmann向Isotherme授予水力权","documented","year","","","","2025","R014","H_turtmann","EPSG:4326","官方现状名称对应线形；未按特许权或历史年代裁切","Turtmänna","{1BA4E75F-4059-45FD-8FEA-7CCC464D983A};{EEF28B2B-5EA5-4F03-BB68-CBD7213E3639};{494C1942-440A-4CA5-A1D5-FB5EC9077264};{693713B0-DC57-4954-9071-873B6CA01FAF}","https://data.geo.admin.ch/ch.swisstopo.swissnames3d/swissnames3d_2026/swissnames3d_2026_2056.gpkg","Savoy_Analyse de la gouvernance de la multifonctionnalité.pdf PDF 78,94","各市镇历史授权段界线未核定。","待审理"
"L03_E032","L03","Turtmänna","河流／灌渠","1953","已核对具名地物参考线形","lines_wgs84.geojson","","Isotherme向FMG转让已汇集的特许权","documented","year","","","","2025","R014","H53","EPSG:4326","官方现状名称对应线形；未按特许权或历史年代裁切","Turtmänna","{1BA4E75F-4059-45FD-8FEA-7CCC464D983A};{EEF28B2B-5EA5-4F03-BB68-CBD7213E3639};{494C1942-440A-4CA5-A1D5-FB5EC9077264};{693713B0-DC57-4954-9071-873B6CA01FAF}","https://data.geo.admin.ch/ch.swisstopo.swissnames3d/swissnames3d_2026/swissnames3d_2026_2056.gpkg","Savoy_Analyse de la gouvernance de la multifonctionnalité.pdf PDF 78,94","各市镇历史授权段界线未核定。；完整转让清单未披露，仅映射已知水体。","待审理"
"L03_E034","L03","Turtmänna","河流／灌渠","1959","已核对具名地物参考线形","lines_wgs84.geojson","上段授权组","上段特许权期限起点","documented","year","","","","2025","R014","U_grant","EPSG:4326","官方现状名称对应线形；未按特许权或历史年代裁切","Turtmänna","{1BA4E75F-4059-45FD-8FEA-7CCC464D983A};{EEF28B2B-5EA5-4F03-BB68-CBD7213E3639};{494C1942-440A-4CA5-A1D5-FB5EC9077264};{693713B0-DC57-4954-9071-873B6CA01FAF}","https://data.geo.admin.ch/ch.swisstopo.swissnames3d/swissnames3d_2026/swissnames3d_2026_2056.gpkg","Savoy_Analyse de la gouvernance de la multifonctionnalité.pdf PDF 78,94","各市镇历史授权段界线未核定。","待审理"
"L03_E012","L03","Turtmänna","河流／灌渠","2016","已核对具名地物参考线形","lines_wgs84.geojson","上段整体治理；河段未裁切","跨流域生态治理和剩余流量折衷","documented","day","2016-10-19","","","2025","R007","","EPSG:4326","官方现状名称对应线形；未按特许权或历史年代裁切","Turtmänna","{1BA4E75F-4059-45FD-8FEA-7CCC464D983A};{EEF28B2B-5EA5-4F03-BB68-CBD7213E3639};{494C1942-440A-4CA5-A1D5-FB5EC9077264};{693713B0-DC57-4954-9071-873B6CA01FAF}","https://data.geo.admin.ch/ch.swisstopo.swissnames3d/swissnames3d_2026/swissnames3d_2026_2056.gpkg","Savoy_Analyse de la gouvernance de la multifonctionnalité.pdf PDF 81","各市镇历史授权段界线未核定。","待审理"
"L03_E035","L03","Turtmänna","河流／灌渠","2039","已核对具名地物参考线形","lines_wgs84.geojson","上段授权组","上段特许权期限届满","future","year","","","","2025","R014","U_grant","EPSG:4326","官方现状名称对应线形；未按特许权或历史年代裁切","Turtmänna","{1BA4E75F-4059-45FD-8FEA-7CCC464D983A};{EEF28B2B-5EA5-4F03-BB68-CBD7213E3639};{494C1942-440A-4CA5-A1D5-FB5EC9077264};{693713B0-DC57-4954-9071-873B6CA01FAF}","https://data.geo.admin.ch/ch.swisstopo.swissnames3d/swissnames3d_2026/swissnames3d_2026_2056.gpkg","Savoy_Analyse de la gouvernance de la multifonctionnalité.pdf PDF 78,94","各市镇历史授权段界线未核定。","待审理"
"L03_E033","L03","Turtmänna","河流／灌渠","","已核对具名地物参考线形","lines_wgs84.geojson","上段授权组","上段各项分立授权文书","documented","interval_unknown","","1950","1957","2025","R014","","EPSG:4326","官方现状名称对应线形；未按特许权或历史年代裁切","Turtmänna","{1BA4E75F-4059-45FD-8FEA-7CCC464D983A};{EEF28B2B-5EA5-4F03-BB68-CBD7213E3639};{494C1942-440A-4CA5-A1D5-FB5EC9077264};{693713B0-DC57-4954-9071-873B6CA01FAF}","https://data.geo.admin.ch/ch.swisstopo.swissnames3d/swissnames3d_2026/swissnames3d_2026_2056.gpkg","Savoy_Analyse de la gouvernance de la multifonctionnalité.pdf PDF 78,94","各市镇历史授权段界线未核定。；未将区间内各年生成为独立事件。","待审理"
"L04_E034","L04","Rhône：Turtmann–Chippis引水相关河段","河流／灌渠","1959","线形未核定","","上段授权组","上段特许权期限起点","documented","year","","","","2025","R014","U_grant","EPSG:4326","","","","","Savoy_Analyse de la gouvernance de la multifonctionnalité.pdf PDF 78,94","全河线形不能代替授权引水段；须明确起止断面后裁切。","待审理"
"L04_E035","L04","Rhône：Turtmann–Chippis引水相关河段","河流／灌渠","2039","线形未核定","","上段授权组","上段特许权期限届满","future","year","","","","2025","R014","U_grant","EPSG:4326","","","","","Savoy_Analyse de la gouvernance de la multifonctionnalité.pdf PDF 78,94","全河线形不能代替授权引水段；须明确起止断面后裁切。","待审理"
"L04_E033","L04","Rhône：Turtmann–Chippis引水相关河段","河流／灌渠","","线形未核定","","上段授权组","上段各项分立授权文书","documented","interval_unknown","","1950","1957","2025","R014","","EPSG:4326","","","","","Savoy_Analyse de la gouvernance de la multifonctionnalité.pdf PDF 78,94","全河线形不能代替授权引水段；须明确起止断面后裁切。；未将区间内各年生成为独立事件。","待审理"
"L05_E034","L05","Brändjibach","河流／灌渠","1959","已核对具名地物参考线形","lines_wgs84.geojson","上段授权组","上段特许权期限起点","documented","year","","","","2025","R014","U_grant","EPSG:4326","官方现状名称对应线形；未按特许权或历史年代裁切","Brändjibach","{5247AE85-0205-4336-8218-AEA4ACAAE04E}","https://data.geo.admin.ch/ch.swisstopo.swissnames3d/swissnames3d_2026/swissnames3d_2026_2056.gpkg","Savoy_Analyse de la gouvernance de la multifonctionnalité.pdf PDF 78,94","","待审理"
"L05_E035","L05","Brändjibach","河流／灌渠","2039","已核对具名地物参考线形","lines_wgs84.geojson","上段授权组","上段特许权期限届满","future","year","","","","2025","R014","U_grant","EPSG:4326","官方现状名称对应线形；未按特许权或历史年代裁切","Brändjibach","{5247AE85-0205-4336-8218-AEA4ACAAE04E}","https://data.geo.admin.ch/ch.swisstopo.swissnames3d/swissnames3d_2026/swissnames3d_2026_2056.gpkg","Savoy_Analyse de la gouvernance de la multifonctionnalité.pdf PDF 78,94","","待审理"
"L05_E033","L05","Brändjibach","河流／灌渠","","已核对具名地物参考线形","lines_wgs84.geojson","上段授权组","上段各项分立授权文书","documented","interval_unknown","","1950","1957","2025","R014","","EPSG:4326","官方现状名称对应线形；未按特许权或历史年代裁切","Brändjibach","{5247AE85-0205-4336-8218-AEA4ACAAE04E}","https://data.geo.admin.ch/ch.swisstopo.swissnames3d/swissnames3d_2026/swissnames3d_2026_2056.gpkg","Savoy_Analyse de la gouvernance de la multifonctionnalité.pdf PDF 78,94","未将区间内各年生成为独立事件。","待审理"
"L06_E034","L06","Nebenbach","河流／灌渠","1959","线形未核定","","上段授权组","上段特许权期限起点","documented","year","","","","2025","R014","U_grant","EPSG:4326","","","","","Savoy_Analyse de la gouvernance de la multifonctionnalité.pdf PDF 78,94","文献范围已列名，未找到可确认的同名线形。","待审理"
"L06_E035","L06","Nebenbach","河流／灌渠","2039","线形未核定","","上段授权组","上段特许权期限届满","future","year","","","","2025","R014","U_grant","EPSG:4326","","","","","Savoy_Analyse de la gouvernance de la multifonctionnalité.pdf PDF 78,94","文献范围已列名，未找到可确认的同名线形。","待审理"
"L06_E033","L06","Nebenbach","河流／灌渠","","线形未核定","","上段授权组","上段各项分立授权文书","documented","interval_unknown","","1950","1957","2025","R014","","EPSG:4326","","","","","Savoy_Analyse de la gouvernance de la multifonctionnalité.pdf PDF 78,94","文献范围已列名，未找到可确认的同名线形。；未将区间内各年生成为独立事件。","待审理"
"L07_E034","L07","Torrent des Mayens","河流／灌渠","1959","线形未核定","","上段授权组","上段特许权期限起点","documented","year","","","","2025","R014","U_grant","EPSG:4326","","","","","Savoy_Analyse de la gouvernance de la multifonctionnalité.pdf PDF 78,94","文献与Lona名称关系有待核对，不能匹配异地Ruisseau des Mayens。","待审理"
"L07_E035","L07","Torrent des Mayens","河流／灌渠","2039","线形未核定","","上段授权组","上段特许权期限届满","future","year","","","","2025","R014","U_grant","EPSG:4326","","","","","Savoy_Analyse de la gouvernance de la multifonctionnalité.pdf PDF 78,94","文献与Lona名称关系有待核对，不能匹配异地Ruisseau des Mayens。","待审理"
"L07_E033","L07","Torrent des Mayens","河流／灌渠","","线形未核定","","上段授权组","上段各项分立授权文书","documented","interval_unknown","","1950","1957","2025","R014","","EPSG:4326","","","","","Savoy_Analyse de la gouvernance de la multifonctionnalité.pdf PDF 78,94","文献与Lona名称关系有待核对，不能匹配异地Ruisseau des Mayens。；未将区间内各年生成为独立事件。","待审理"
"L08_E034","L08","Torrent des Moulins","河流／灌渠","1959","已核对具名地物参考线形","lines_wgs84.geojson","上段授权组","上段特许权期限起点","documented","year","","","","2025","R014","U_grant","EPSG:4326","官方现状名称对应线形；未按特许权或历史年代裁切","Torrent des Moulins","{9D4AD898-35CA-4374-AEF3-59957E00C256};{F5BCB62B-4AC7-4F97-B24B-46CBF3286EFB};{EA2515F8-0543-45F3-811D-4073EE14FAD4};{70EC26B6-9BDF-45CF-BB85-408E6BEBCEC1};{E3333B59-4388-4445-AAF2-2489123D20A4};{5A2A2FAF-A6A5-4367-9FE5-FB2C50BB9B60}","https://data.geo.admin.ch/ch.swisstopo.swissnames3d/swissnames3d_2026/swissnames3d_2026_2056.gpkg","Savoy_Analyse de la gouvernance de la multifonctionnalité.pdf PDF 78,94","","待审理"
"L08_E008","L08","Torrent des Moulins","河流／灌渠","2018","已核对具名地物参考线形","lines_wgs84.geojson","","Roux免费供水额度及超额付费协议","documented","year","","","","2025","R003","W_roux;DIST_roux;W_excess","EPSG:4326","官方现状名称对应线形；未按特许权或历史年代裁切","Torrent des Moulins","{9D4AD898-35CA-4374-AEF3-59957E00C256};{F5BCB62B-4AC7-4F97-B24B-46CBF3286EFB};{EA2515F8-0543-45F3-811D-4073EE14FAD4};{70EC26B6-9BDF-45CF-BB85-408E6BEBCEC1};{E3333B59-4388-4445-AAF2-2489123D20A4};{5A2A2FAF-A6A5-4367-9FE5-FB2C50BB9B60}","https://data.geo.admin.ch/ch.swisstopo.swissnames3d/swissnames3d_2026/swissnames3d_2026_2056.gpkg","Savoy_Analyse de la gouvernance de la multifonctionnalité.pdf PDF 101；Savoy PDF81–82；https://bisses-valais.ch/bisses/bisse-de-lacher-roux/","","待审理"
"L08_E009","L08","Torrent des Moulins","河流／灌渠","2018","已核对具名地物参考线形","lines_wgs84.geojson","","St-Luc免费供水额度及超额付费协议","documented","year","","","","2025","R004","W_grand_st_luc;DIST_grand_st_luc;W_excess","EPSG:4326","官方现状名称对应线形；未按特许权或历史年代裁切","Torrent des Moulins","{9D4AD898-35CA-4374-AEF3-59957E00C256};{F5BCB62B-4AC7-4F97-B24B-46CBF3286EFB};{EA2515F8-0543-45F3-811D-4073EE14FAD4};{70EC26B6-9BDF-45CF-BB85-408E6BEBCEC1};{E3333B59-4388-4445-AAF2-2489123D20A4};{5A2A2FAF-A6A5-4367-9FE5-FB2C50BB9B60}","https://data.geo.admin.ch/ch.swisstopo.swissnames3d/swissnames3d_2026/swissnames3d_2026_2056.gpkg","Savoy_Analyse de la gouvernance de la multifonctionnalité.pdf PDF 101；Savoy PDF81–82","","待审理"
"L08_E035","L08","Torrent des Moulins","河流／灌渠","2039","已核对具名地物参考线形","lines_wgs84.geojson","上段授权组","上段特许权期限届满","future","year","","","","2025","R014","U_grant","EPSG:4326","官方现状名称对应线形；未按特许权或历史年代裁切","Torrent des Moulins","{9D4AD898-35CA-4374-AEF3-59957E00C256};{F5BCB62B-4AC7-4F97-B24B-46CBF3286EFB};{EA2515F8-0543-45F3-811D-4073EE14FAD4};{70EC26B6-9BDF-45CF-BB85-408E6BEBCEC1};{E3333B59-4388-4445-AAF2-2489123D20A4};{5A2A2FAF-A6A5-4367-9FE5-FB2C50BB9B60}","https://data.geo.admin.ch/ch.swisstopo.swissnames3d/swissnames3d_2026/swissnames3d_2026_2056.gpkg","Savoy_Analyse de la gouvernance de la multifonctionnalité.pdf PDF 78,94","","待审理"
"L08_E033","L08","Torrent des Moulins","河流／灌渠","","已核对具名地物参考线形","lines_wgs84.geojson","上段授权组","上段各项分立授权文书","documented","interval_unknown","","1950","1957","2025","R014","","EPSG:4326","官方现状名称对应线形；未按特许权或历史年代裁切","Torrent des Moulins","{9D4AD898-35CA-4374-AEF3-59957E00C256};{F5BCB62B-4AC7-4F97-B24B-46CBF3286EFB};{EA2515F8-0543-45F3-811D-4073EE14FAD4};{70EC26B6-9BDF-45CF-BB85-408E6BEBCEC1};{E3333B59-4388-4445-AAF2-2489123D20A4};{5A2A2FAF-A6A5-4367-9FE5-FB2C50BB9B60}","https://data.geo.admin.ch/ch.swisstopo.swissnames3d/swissnames3d_2026/swissnames3d_2026_2056.gpkg","Savoy_Analyse de la gouvernance de la multifonctionnalité.pdf PDF 78,94","未将区间内各年生成为独立事件。","待审理"
"L09_E034","L09","Torrent de Barneusaz","河流／灌渠","1959","候选名称线形，需审理同一性","lines_wgs84.geojson","上段授权组","上段特许权期限起点","documented","year","","","","2025","R014","U_grant","EPSG:4326","官方现状名称对应线形；未按特许权或历史年代裁切","Torrent de Barneuza","{F43FD6B8-7BDB-41D4-9160-A163B76C4EB4}","https://data.geo.admin.ch/ch.swisstopo.swissnames3d/swissnames3d_2026/swissnames3d_2026_2056.gpkg","Savoy_Analyse de la gouvernance de la multifonctionnalité.pdf PDF 78,94","文献Barneusaz与地图Barneuza为同流域候选拼写，尚待你确认。","待审理"
"L09_E035","L09","Torrent de Barneusaz","河流／灌渠","2039","候选名称线形，需审理同一性","lines_wgs84.geojson","上段授权组","上段特许权期限届满","future","year","","","","2025","R014","U_grant","EPSG:4326","官方现状名称对应线形；未按特许权或历史年代裁切","Torrent de Barneuza","{F43FD6B8-7BDB-41D4-9160-A163B76C4EB4}","https://data.geo.admin.ch/ch.swisstopo.swissnames3d/swissnames3d_2026/swissnames3d_2026_2056.gpkg","Savoy_Analyse de la gouvernance de la multifonctionnalité.pdf PDF 78,94","文献Barneusaz与地图Barneuza为同流域候选拼写，尚待你确认。","待审理"
"L09_E033","L09","Torrent de Barneusaz","河流／灌渠","","候选名称线形，需审理同一性","lines_wgs84.geojson","上段授权组","上段各项分立授权文书","documented","interval_unknown","","1950","1957","2025","R014","","EPSG:4326","官方现状名称对应线形；未按特许权或历史年代裁切","Torrent de Barneuza","{F43FD6B8-7BDB-41D4-9160-A163B76C4EB4}","https://data.geo.admin.ch/ch.swisstopo.swissnames3d/swissnames3d_2026/swissnames3d_2026_2056.gpkg","Savoy_Analyse de la gouvernance de la multifonctionnalité.pdf PDF 78,94","文献Barneusaz与地图Barneuza为同流域候选拼写，尚待你确认。；未将区间内各年生成为独立事件。","待审理"
"L10_E034","L10","Torrent de Nava","河流／灌渠","1959","已核对具名地物参考线形","lines_wgs84.geojson","上段授权组","上段特许权期限起点","documented","year","","","","2025","R014","U_grant","EPSG:4326","官方现状名称对应线形；未按特许权或历史年代裁切","Torrent de Nava","{DCDEA1FF-8F92-49F5-BE4B-AC2E70901C22}","https://data.geo.admin.ch/ch.swisstopo.swissnames3d/swissnames3d_2026/swissnames3d_2026_2056.gpkg","Savoy_Analyse de la gouvernance de la multifonctionnalité.pdf PDF 78,94","","待审理"
"L10_E035","L10","Torrent de Nava","河流／灌渠","2039","已核对具名地物参考线形","lines_wgs84.geojson","上段授权组","上段特许权期限届满","future","year","","","","2025","R014","U_grant","EPSG:4326","官方现状名称对应线形；未按特许权或历史年代裁切","Torrent de Nava","{DCDEA1FF-8F92-49F5-BE4B-AC2E70901C22}","https://data.geo.admin.ch/ch.swisstopo.swissnames3d/swissnames3d_2026/swissnames3d_2026_2056.gpkg","Savoy_Analyse de la gouvernance de la multifonctionnalité.pdf PDF 78,94","","待审理"
"L10_E033","L10","Torrent de Nava","河流／灌渠","","已核对具名地物参考线形","lines_wgs84.geojson","上段授权组","上段各项分立授权文书","documented","interval_unknown","","1950","1957","2025","R014","","EPSG:4326","官方现状名称对应线形；未按特许权或历史年代裁切","Torrent de Nava","{DCDEA1FF-8F92-49F5-BE4B-AC2E70901C22}","https://data.geo.admin.ch/ch.swisstopo.swissnames3d/swissnames3d_2026/swissnames3d_2026_2056.gpkg","Savoy_Analyse de la gouvernance de la multifonctionnalité.pdf PDF 78,94","未将区间内各年生成为独立事件。","待审理"
"L11_E034","L11","Torrent du Frilitälli / Frilibach","河流／灌渠","1959","线形未核定","","上段授权组","上段特许权期限起点","documented","year","","","","2025","R014","U_grant","EPSG:4326","","","","","Savoy_Analyse de la gouvernance de la multifonctionnalité.pdf PDF 78,94","地图上的Frilitälli是山谷；未用山谷点代替溪流。","待审理"
"L11_E035","L11","Torrent du Frilitälli / Frilibach","河流／灌渠","2039","线形未核定","","上段授权组","上段特许权期限届满","future","year","","","","2025","R014","U_grant","EPSG:4326","","","","","Savoy_Analyse de la gouvernance de la multifonctionnalité.pdf PDF 78,94","地图上的Frilitälli是山谷；未用山谷点代替溪流。","待审理"
"L11_E033","L11","Torrent du Frilitälli / Frilibach","河流／灌渠","","线形未核定","","上段授权组","上段各项分立授权文书","documented","interval_unknown","","1950","1957","2025","R014","","EPSG:4326","","","","","Savoy_Analyse de la gouvernance de la multifonctionnalité.pdf PDF 78,94","地图上的Frilitälli是山谷；未用山谷点代替溪流。；未将区间内各年生成为独立事件。","待审理"
"L12_E013","L12","Torrent de Fang","河流／灌渠","2004","已核对具名地物参考线形","lines_wgs84.geojson","Vissoie电站出水口至Rhône回水口，含Fang","Navizence下段授权续期","documented","year","","","","2025","R008","L_grant","EPSG:4326","官方现状名称对应线形；未按特许权或历史年代裁切","Torrent de Fang","{33568357-3932-4EE8-AD4E-B93482D0CAC6}","https://data.geo.admin.ch/ch.swisstopo.swissnames3d/swissnames3d_2026/swissnames3d_2026_2056.gpkg","Savoy_Analyse de la gouvernance de la multifonctionnalité.pdf PDF 104","","待审理"
"L12_E014","L12","Torrent de Fang","河流／灌渠","2009","已核对具名地物参考线形","lines_wgs84.geojson","Vissoie电站出水口至Rhône回水口，含Fang","Navizence下段授权州核准","documented","day","2009-01-28","","","2025","R008","","EPSG:4326","官方现状名称对应线形；未按特许权或历史年代裁切","Torrent de Fang","{33568357-3932-4EE8-AD4E-B93482D0CAC6}","https://data.geo.admin.ch/ch.swisstopo.swissnames3d/swissnames3d_2026/swissnames3d_2026_2056.gpkg","Savoy_Analyse de la gouvernance de la multifonctionnalité.pdf PDF 104","","待审理"
"L12_E015","L12","Torrent de Fang","河流／灌渠","2084","已核对具名地物参考线形","lines_wgs84.geojson","Vissoie电站出水口至Rhône回水口，含Fang","Navizence下段授权届满","future","year","","","","2025","R008","L2084","EPSG:4326","官方现状名称对应线形；未按特许权或历史年代裁切","Torrent de Fang","{33568357-3932-4EE8-AD4E-B93482D0CAC6}","https://data.geo.admin.ch/ch.swisstopo.swissnames3d/swissnames3d_2026/swissnames3d_2026_2056.gpkg","Savoy_Analyse de la gouvernance de la multifonctionnalité.pdf PDF 104","","待审理"
"L13_E001","L13","Bisse de Niouc","河流／灌渠","2004","已核对具名地物参考线形","lines_wgs84.geojson","","Niouc灌溉保留配额纳入下段授权","documented","year","","","","2025","R001","N2004","EPSG:4326","官方现状名称对应线形；未按特许权或历史年代裁切","Bisse de Niouc","{BA32E096-1756-4BF8-8546-3186AFFF865D}","https://data.geo.admin.ch/ch.swisstopo.swissnames3d/swissnames3d_2026/swissnames3d_2026_2056.gpkg","Savoy_Analyse de la gouvernance de la multifonctionnalité.pdf PDF 100,95","","待审理"
"L13_E003","L13","Bisse de Niouc","河流／灌渠","2008","已核对具名地物参考线形","lines_wgs84.geojson","","减量换喷灌设施资助协议","documented","day","2008-03-18","","","2025","R001","N2008;Nfund","EPSG:4326","官方现状名称对应线形；未按特许权或历史年代裁切","Bisse de Niouc","{BA32E096-1756-4BF8-8546-3186AFFF865D}","https://data.geo.admin.ch/ch.swisstopo.swissnames3d/swissnames3d_2026/swissnames3d_2026_2056.gpkg","Savoy_Analyse de la gouvernance de la multifonctionnalité.pdf PDF 100,95","","待审理"
"L13_E002","L13","Bisse de Niouc","河流／灌渠","2009","已核对具名地物参考线形","lines_wgs84.geojson","","下段授权的州核准","documented","day","2009-01-28","","","2025","R001","","EPSG:4326","官方现状名称对应线形；未按特许权或历史年代裁切","Bisse de Niouc","{BA32E096-1756-4BF8-8546-3186AFFF865D}","https://data.geo.admin.ch/ch.swisstopo.swissnames3d/swissnames3d_2026/swissnames3d_2026_2056.gpkg","Savoy_Analyse de la gouvernance de la multifonctionnalité.pdf PDF 100,95","核准与授权起点分开。","待审理"
"L14_E004","L14","Bisse de Briey","河流／灌渠","1912","已核对具名地物参考线形","lines_wgs84.geojson","","公证灌溉取水安排","documented","year","","","","2025","R002","","EPSG:4326","官方现状名称对应线形；未按特许权或历史年代裁切","Bisse de Briey","{1806FB1B-34A2-4F16-B012-2961C10E27F8};{9DC686E1-9E04-4054-8BA6-80022627FC03}","https://data.geo.admin.ch/ch.swisstopo.swissnames3d/swissnames3d_2026/swissnames3d_2026_2056.gpkg","Savoy_Analyse de la gouvernance de la multifonctionnalité.pdf PDF 101,100","","待审理"
"L14_E005","L14","Bisse de Briey","河流／灌渠","1979","已核对具名地物参考线形","lines_wgs84.geojson","","灌溉权流量及季节修改","documented","year","","","","2025","R002","","EPSG:4326","官方现状名称对应线形；未按特许权或历史年代裁切","Bisse de Briey","{1806FB1B-34A2-4F16-B012-2961C10E27F8};{9DC686E1-9E04-4054-8BA6-80022627FC03}","https://data.geo.admin.ch/ch.swisstopo.swissnames3d/swissnames3d_2026/swissnames3d_2026_2056.gpkg","Savoy_Analyse de la gouvernance de la multifonctionnalité.pdf PDF 101,100","","待审理"
"L14_E006","L14","Bisse de Briey","河流／灌渠","2004","已核对具名地物参考线形","lines_wgs84.geojson","","原灌溉额度纳入下段授权","documented","year","","","","2025","R002","B2004","EPSG:4326","官方现状名称对应线形；未按特许权或历史年代裁切","Bisse de Briey","{1806FB1B-34A2-4F16-B012-2961C10E27F8};{9DC686E1-9E04-4054-8BA6-80022627FC03}","https://data.geo.admin.ch/ch.swisstopo.swissnames3d/swissnames3d_2026/swissnames3d_2026_2056.gpkg","Savoy_Analyse de la gouvernance de la multifonctionnalité.pdf PDF 101,100","","待审理"
"L14_E007","L14","Bisse de Briey","河流／灌渠","2017","已核对具名地物参考线形","lines_wgs84.geojson","","灌溉权争议和解并重定供水额度","documented","day","2017-06-13","","","2025","R002","B2017;Bsettle","EPSG:4326","官方现状名称对应线形；未按特许权或历史年代裁切","Bisse de Briey","{1806FB1B-34A2-4F16-B012-2961C10E27F8};{9DC686E1-9E04-4054-8BA6-80022627FC03}","https://data.geo.admin.ch/ch.swisstopo.swissnames3d/swissnames3d_2026/swissnames3d_2026_2056.gpkg","Savoy_Analyse de la gouvernance de la multifonctionnalité.pdf PDF 101,100；Savoy PDF81","旧Sarrasins渠仅为争议关联对象。","待审理"
"L15_E008","L15","Bisse Roux","河流／灌渠","2018","已核对具名地物参考线形","lines_wgs84.geojson","","Roux免费供水额度及超额付费协议","documented","year","","","","2025","R003","W_roux;DIST_roux;W_excess","EPSG:4326","官方现状名称对应线形；未按特许权或历史年代裁切","Bisse de Lâcher-Roux","{E50291BC-107F-42D5-877F-C9722DA80776}","https://data.geo.admin.ch/ch.swisstopo.swissnames3d/swissnames3d_2026/swissnames3d_2026_2056.gpkg","Savoy_Analyse de la gouvernance de la multifonctionnalité.pdf PDF 101；Savoy PDF81–82；https://bisses-valais.ch/bisses/bisse-de-lacher-roux/","Bisses du Valais的Roux条目明确列别名Bisse de Lâcher-Roux。","待审理"
"L16_E009","L16","Grand bisse de St-Luc","河流／灌渠","2018","已核对具名地物参考线形","lines_wgs84.geojson","","St-Luc免费供水额度及超额付费协议","documented","year","","","","2025","R004","W_grand_st_luc;DIST_grand_st_luc;W_excess","EPSG:4326","官方现状名称对应线形；未按特许权或历史年代裁切","Grand Bisse de Saint-Luc","{B590C22A-DE95-48AC-9A1F-A99E7AA513EB}","https://data.geo.admin.ch/ch.swisstopo.swissnames3d/swissnames3d_2026/swissnames3d_2026_2056.gpkg","Savoy_Analyse de la gouvernance de la multifonctionnalité.pdf PDF 101；Savoy PDF81–82","","待审理"
"L17_E043","L17","Bisse de Ricard","河流／灌渠","2003","已核对具名地物参考线形","lines_wgs84.geojson","","Ricard设施产权与流量协议","documented","year","","","","2025","R019","","EPSG:4326","官方现状名称对应线形；未按特许权或历史年代裁切","Bisse de Ricard","{962E5426-BD19-4CD6-BE04-064EB2D49748}","https://data.geo.admin.ch/ch.swisstopo.swissnames3d/swissnames3d_2026/swissnames3d_2026_2056.gpkg","Savoy_Analyse de la gouvernance de la multifonctionnalité.pdf PDF 94","未混入以道路记录的Ancien Bisse de Ricard。","待审理"
"L18_E044","L18","Bisse de Granges","河流／灌渠","1902","线形未核定","","","Granges初始设施协议","documented","year","","","","2025","R019","","EPSG:4326","","","","","Savoy_Analyse de la gouvernance de la multifonctionnalité.pdf PDF 94","材料确认供水与维护安排；官方名称库未找到同名灌渠。","待审理"
"L18_E045","L18","Bisse de Granges","河流／灌渠","2004","线形未核定","","","Granges设施产权与维护新协议","documented","year","","","","2025","R019","","EPSG:4326","","","","","Savoy_Analyse de la gouvernance de la multifonctionnalité.pdf PDF 94","材料确认供水与维护安排；官方名称库未找到同名灌渠。","待审理"
"L19_E007","L19","Ancien bisse des Sarrasins","河流／灌渠","2017","线形未核定","","","灌溉权争议和解并重定供水额度","documented","day","2017-06-13","","","2025","R002","B2017;Bsettle","EPSG:4326","","","","","Savoy_Analyse de la gouvernance de la multifonctionnalité.pdf PDF 101,100；Savoy PDF81","旧渠为Briey争议背景；现存渠线未确认。；旧Sarrasins渠仅为争议关联对象。","待审理"
"L20_E013","L20","Galerie Vissoie–Niouc","河流／灌渠","2004","线形未核定","","Vissoie电站出水口至Rhône回水口，含Fang","Navizence下段授权续期","documented","year","","","","2025","R008","L_grant","EPSG:4326","","","","","Savoy_Analyse de la gouvernance de la multifonctionnalité.pdf PDF 104","现有引水隧洞与拟建压力隧洞需工程图分离，不能以两端直线代替。","待审理"
"L20_E014","L20","Galerie Vissoie–Niouc","河流／灌渠","2009","线形未核定","","Vissoie电站出水口至Rhône回水口，含Fang","Navizence下段授权州核准","documented","day","2009-01-28","","","2025","R008","","EPSG:4326","","","","","Savoy_Analyse de la gouvernance de la multifonctionnalité.pdf PDF 104","现有引水隧洞与拟建压力隧洞需工程图分离，不能以两端直线代替。","待审理"
"L20_E011","L20","Galerie Vissoie–Niouc","河流／灌渠","2016","线形未核定","","","工程不反对与生态修复出资安排载入州决定","documented","day","2016-10-19","","","2025","R006","","EPSG:4326","","","","","Savoy_Analyse de la gouvernance de la multifonctionnalité.pdf PDF 104,105","现有引水隧洞与拟建压力隧洞需工程图分离，不能以两端直线代替。","待审理"
"L20_E015","L20","Galerie Vissoie–Niouc","河流／灌渠","2084","线形未核定","","Vissoie电站出水口至Rhône回水口，含Fang","Navizence下段授权届满","future","year","","","","2025","R008","L2084","EPSG:4326","","","","","Savoy_Analyse de la gouvernance de la multifonctionnalité.pdf PDF 104","现有引水隧洞与拟建压力隧洞需工程图分离，不能以两端直线代替。","待审理"
"L21_E011","L21","Galerie sous pression Vissoie–Niouc（拟议）","河流／灌渠","2016","线形未核定","","","工程不反对与生态修复出资安排载入州决定","documented","day","2016-10-19","","","2025","R006","","EPSG:4326","","","","","Savoy_Analyse de la gouvernance de la multifonctionnalité.pdf PDF 104,105","拟建工程的批准设计线未取得；不与既有隧洞合并。","待审理"
"L22_E016","L22","Moiry–Mottec压力输水设施","河流／灌渠","2006","线形未核定","","","Zinal造雪有偿供水协议","documented","year","","","","2025","R009","SN_zinal_lifts;PAY_zinal_lifts","EPSG:4326","","","","","Savoy_Analyse de la gouvernance de la multifonctionnalité.pdf PDF 102,103","输水廊道和地下段精确线形尚缺工程图。","待审理"
"L22_E026","L22","Moiry–Mottec压力输水设施","河流／灌渠","2039","线形未核定","","","上段涉水资产回归安排","future","year","","","","2022","R013","RETURN39","EPSG:4326","","","","","Bagnoud_Val d’Anniviers-on prépare déjà l’échéance de la concession des Forces motrices de la Gougra en 2039.pdf PDF 4","输水廊道和地下段精确线形尚缺工程图。；工程关联；最终移交边界以资产清册为准。","待审理"
"L23_E017","L23","Moiry坝脚至Bendolla造雪管道","河流／灌渠","2007","线形未核定","","","Grimentz造雪有偿供水协议","documented","year","","","","2025","R009","SN_grimentz_lifts;PAY_grimentz_lifts","EPSG:4326","","","","","Savoy_Analyse de la gouvernance de la multifonctionnalité.pdf PDF 102,103","供水关系确定，管线走向未核定。","待审理"
"L24_E048","L24","Nava供水管道及接入支线","河流／灌渠","2017","线形未核定","","","Nava私人非饮用水接管协议","documented","year","","","","2025","R021","","EPSG:4326","","","","","Savoy_Analyse de la gouvernance de la multifonctionnalité.pdf PDF 95,96","私人取水和Grand-Praz接水对应不同支线，须核对工程图。","待审理"
"L24_E049","L24","Nava供水管道及接入支线","河流／灌渠","2018","线形未核定","","","Grand-Praz废弃物站供水接入协议","documented","year","","","","2025","R021","","EPSG:4326","","","","","Savoy_Analyse de la gouvernance de la multifonctionnalité.pdf PDF 95,96","私人取水和Grand-Praz接水对应不同支线，须核对工程图。","待审理"
"L25_E046","L25","Via ferrata de Moiry","线性设施","","已核对具名地物参考线形","lines_wgs84.geojson","","Via Ferrata免费使用土地及责任协议","documented","interval_unknown","","2005","2006","2025","R020","","EPSG:4326","官方现状名称对应线形；未按特许权或历史年代裁切","Via ferrata de Moiry","{3DD2F4E9-550A-4624-A97C-C8546FD9BBFD};{466167A8-BBE7-4B1B-AB86-855213077664};{ED89B481-E5DF-43F7-A34D-4F0E91E45707};{944EA8D9-D769-492B-BFA8-F1BC2D5940F0};{C81073BE-34D7-4D31-AB90-7164B731F872};{4D2261A8-7CE0-425D-9588-8586AD943A05}","https://data.geo.admin.ch/ch.swisstopo.swissnames3d/swissnames3d_2026/swissnames3d_2026_2056.gpkg","Savoy_Analyse de la gouvernance de la multifonctionnalité.pdf PDF 95","官方记录为道路类线段；仅路线参考，不代表免费使用土地宗地。；来源以期间列出多份协议，未确定每份具体签约年。","待审理"
"L26_E053","L26","Bisse de Saxon","河流／灌渠","1963","已核对具名地物参考线形","lines_wgs84.geojson","","Saxon与EOS供水协议","documented","month","1963-09","","","2025","R024","","EPSG:4326","官方现状名称对应线形；未按特许权或历史年代裁切","Grand Bisse de Saxon","{40D5827B-E784-4A4D-B980-50B5C324EDA2};{3D69A24C-EC50-4E80-B528-91D15627FF2A};{DD2E0D6D-74C1-4AF2-9CFA-767A5E3F9E61}","https://data.geo.admin.ch/ch.swisstopo.swissnames3d/swissnames3d_2026/swissnames3d_2026_2056.gpkg","Savoy_Analyse de la gouvernance de la multifonctionnalité.pdf PDF 46,36","按灌渠线形提取，未混入旧渠旅游道路。","待审理"
"L26_E054","L26","Bisse de Saxon","河流／灌渠","1963","已核对具名地物参考线形","lines_wgs84.geojson","","EOS与FMM替代供水及补偿协议","documented","month","1963-10","","","2025","R024","","EPSG:4326","官方现状名称对应线形；未按特许权或历史年代裁切","Grand Bisse de Saxon","{40D5827B-E784-4A4D-B980-50B5C324EDA2};{3D69A24C-EC50-4E80-B528-91D15627FF2A};{DD2E0D6D-74C1-4AF2-9CFA-767A5E3F9E61}","https://data.geo.admin.ch/ch.swisstopo.swissnames3d/swissnames3d_2026/swissnames3d_2026_2056.gpkg","Savoy_Analyse de la gouvernance de la multifonctionnalité.pdf PDF 46,36","按灌渠线形提取，未混入旧渠旅游道路。","待审理"
"L27_E071","L27","La Printse","河流／灌渠","1945","已核对具名地物参考线形","lines_wgs84.geojson","","Haute-Printse授权保留充足灌溉供水","documented","year","","","","2025","R032","","EPSG:4326","官方现状名称对应线形；未按特许权或历史年代裁切","La Printse","{30DCB0DE-0BD3-4B97-80B9-C710EE635F84};{81951F85-6104-4F5C-82BA-3E63EB1F463D}","https://data.geo.admin.ch/ch.swisstopo.swissnames3d/swissnames3d_2026/swissnames3d_2026_2056.gpkg","Savoy_Analyse de la gouvernance de la multifonctionnalité.pdf PDF 45,46；Savoy PDF24、36","包括上游与下游命名线段；授权／治理段未裁切。","待审理"
"L27_E056","L27","La Printse","河流／灌渠","1986","已核对具名地物参考线形","lines_wgs84.geojson","下部水系含Tortin Ouest","Basse-Printse开发授权获授","documented","year","","","","2025","R026","","EPSG:4326","官方现状名称对应线形；未按特许权或历史年代裁切","La Printse","{30DCB0DE-0BD3-4B97-80B9-C710EE635F84};{81951F85-6104-4F5C-82BA-3E63EB1F463D}","https://data.geo.admin.ch/ch.swisstopo.swissnames3d/swissnames3d_2026/swissnames3d_2026_2056.gpkg","Savoy_Analyse de la gouvernance de la multifonctionnalité.pdf PDF 24","包括上游与下游命名线段；授权／治理段未裁切。","待审理"
"L27_E057","L27","La Printse","河流／灌渠","1986","已核对具名地物参考线形","lines_wgs84.geojson","下部水系含Tortin Ouest","Basse-Printse项目放弃","abandoned","year","","","","2025","R026","","EPSG:4326","官方现状名称对应线形；未按特许权或历史年代裁切","La Printse","{30DCB0DE-0BD3-4B97-80B9-C710EE635F84};{81951F85-6104-4F5C-82BA-3E63EB1F463D}","https://data.geo.admin.ch/ch.swisstopo.swissnames3d/swissnames3d_2026/swissnames3d_2026_2056.gpkg","Savoy_Analyse de la gouvernance de la multifonctionnalité.pdf PDF 24","包括上游与下游命名线段；授权／治理段未裁切。；不推定法定撤销日。","待审理"
"L27_E076","L27","La Printse","河流／灌渠","2023","已核对具名地物参考线形","lines_wgs84.geojson","","Printse替代修复方案提交","proposal","month","2023-03","","","2025","R033","","EPSG:4326","官方现状名称对应线形；未按特许权或历史年代裁切","La Printse","{30DCB0DE-0BD3-4B97-80B9-C710EE635F84};{81951F85-6104-4F5C-82BA-3E63EB1F463D}","https://data.geo.admin.ch/ch.swisstopo.swissnames3d/swissnames3d_2026/swissnames3d_2026_2056.gpkg","Savoy_Analyse de la gouvernance de la multifonctionnalité.pdf PDF 49","包括上游与下游命名线段；授权／治理段未裁切。","待审理"
"L27_E072","L27","La Printse","河流／灌渠","2031","已核对具名地物参考线形","lines_wgs84.geojson","","相关既有Printse授权终期","future","year","","","","2025","R032","","EPSG:4326","官方现状名称对应线形；未按特许权或历史年代裁切","La Printse","{30DCB0DE-0BD3-4B97-80B9-C710EE635F84};{81951F85-6104-4F5C-82BA-3E63EB1F463D}","https://data.geo.admin.ch/ch.swisstopo.swissnames3d/swissnames3d_2026/swissnames3d_2026_2056.gpkg","Savoy_Analyse de la gouvernance de la multifonctionnalité.pdf PDF 45,46；Savoy PDF24、41","包括上游与下游命名线段；授权／治理段未裁切。","待审理"
"L27_E073","L27","La Printse","河流／灌渠","","已核对具名地物参考线形","lines_wgs84.geojson","","按需请求增加灌溉下泄","documented","unknown","","","","2025","R032","","EPSG:4326","官方现状名称对应线形；未按特许权或历史年代裁切","La Printse","{30DCB0DE-0BD3-4B97-80B9-C710EE635F84};{81951F85-6104-4F5C-82BA-3E63EB1F463D}","https://data.geo.admin.ch/ch.swisstopo.swissnames3d/swissnames3d_2026/swissnames3d_2026_2056.gpkg","Savoy_Analyse de la gouvernance de la multifonctionnalité.pdf PDF 45,46","包括上游与下游命名线段；授权／治理段未裁切。；访谈年份仅为观测日期；没有固定的逐次权利变更年份。","待审理"
"L28_E055","L28","Tortin Ouest","河流／灌渠","1966","线形未核定","","","EOS放弃Tortin Ouest水力开发","renounced","day","1966-03-23","","","2025","R025","","EPSG:4326","","","","","Savoy_Analyse de la gouvernance de la multifonctionnalité.pdf PDF 24","原文已注明两支Tortin的准确范围未明；历史权利不硬配现代支流。","待审理"
"L28_E056","L28","Tortin Ouest","河流／灌渠","1986","线形未核定","","下部水系含Tortin Ouest","Basse-Printse开发授权获授","documented","year","","","","2025","R026","","EPSG:4326","","","","","Savoy_Analyse de la gouvernance de la multifonctionnalité.pdf PDF 24","原文已注明两支Tortin的准确范围未明；历史权利不硬配现代支流。","待审理"
"L28_E057","L28","Tortin Ouest","河流／灌渠","1986","线形未核定","","下部水系含Tortin Ouest","Basse-Printse项目放弃","abandoned","year","","","","2025","R026","","EPSG:4326","","","","","Savoy_Analyse de la gouvernance de la multifonctionnalité.pdf PDF 24","原文已注明两支Tortin的准确范围未明；历史权利不硬配现代支流。；不推定法定撤销日。","待审理"
"L29_E058","L29","Cleuson-Dixence地下引水隧洞","河流／灌渠","1987","线形未核定","","","Cleuson-Dixence项目协议","documented","year","","","","2025","R027","","EPSG:4326","","","","","Savoy_Analyse de la gouvernance de la multifonctionnalité.pdf PDF 24,36","地下工程线形未取得。；工程关联位置；早期协议时设施可能尚未建成。","待审理"
"L29_E059","L29","Cleuson-Dixence地下引水隧洞","河流／灌渠","1989","线形未核定","","","Cleuson-Dixence议定安排","documented","year","","","","2025","R027","","EPSG:4326","","","","","Savoy_Analyse de la gouvernance de la multifonctionnalité.pdf PDF 24,36","地下工程线形未取得。；工程关联位置；早期协议时设施可能尚未建成。","待审理"
"L29_E060","L29","Cleuson-Dixence地下引水隧洞","河流／灌渠","2021","线形未核定","","","追加折旧协议（表格年份口径）","source_conflict","year","","","","2025","R027","","EPSG:4326","","","","","Savoy_Analyse de la gouvernance de la multifonctionnalité.pdf PDF 24,36","地下工程线形未取得。；两处追加协议年份互有差异；保留而不视为已证实两份不同追加合同。","待审理"
"L29_E061","L29","Cleuson-Dixence地下引水隧洞","河流／灌渠","2022","线形未核定","","","追加折旧协议（正文年份口径）","source_conflict","year","","","","2025","R027","","EPSG:4326","","","","","Savoy_Analyse de la gouvernance de la multifonctionnalité.pdf PDF 24,36","地下工程线形未取得。；两处追加协议年份互有差异；保留而不视为已证实两份不同追加合同。","待审理"
"L29_E062","L29","Cleuson-Dixence地下引水隧洞","河流／灌渠","2045","线形未核定","","","表格记载的折旧期末","future","year","","","","2025","R027","","EPSG:4326","","","","","Savoy_Analyse de la gouvernance de la multifonctionnalité.pdf PDF 24,36","地下工程线形未取得。；工程关联位置；早期协议时设施可能尚未建成。","待审理"
"L30_E058","L30","Tracouet–Bieudron压力竖井","河流／灌渠","1987","线形未核定","","","Cleuson-Dixence项目协议","documented","year","","","","2025","R027","","EPSG:4326","","","","","Savoy_Analyse de la gouvernance de la multifonctionnalité.pdf PDF 24,36","不能用Tracouet地点到Bieudron电站的直线代替竖井。；工程关联位置；早期协议时设施可能尚未建成。","待审理"
"L30_E059","L30","Tracouet–Bieudron压力竖井","河流／灌渠","1989","线形未核定","","","Cleuson-Dixence议定安排","documented","year","","","","2025","R027","","EPSG:4326","","","","","Savoy_Analyse de la gouvernance de la multifonctionnalité.pdf PDF 24,36","不能用Tracouet地点到Bieudron电站的直线代替竖井。；工程关联位置；早期协议时设施可能尚未建成。","待审理"
"L30_E060","L30","Tracouet–Bieudron压力竖井","河流／灌渠","2021","线形未核定","","","追加折旧协议（表格年份口径）","source_conflict","year","","","","2025","R027","","EPSG:4326","","","","","Savoy_Analyse de la gouvernance de la multifonctionnalité.pdf PDF 24,36","不能用Tracouet地点到Bieudron电站的直线代替竖井。；两处追加协议年份互有差异；保留而不视为已证实两份不同追加合同。","待审理"
"L30_E061","L30","Tracouet–Bieudron压力竖井","河流／灌渠","2022","线形未核定","","","追加折旧协议（正文年份口径）","source_conflict","year","","","","2025","R027","","EPSG:4326","","","","","Savoy_Analyse de la gouvernance de la multifonctionnalité.pdf PDF 24,36","不能用Tracouet地点到Bieudron电站的直线代替竖井。；两处追加协议年份互有差异；保留而不视为已证实两份不同追加合同。","待审理"
"L30_E062","L30","Tracouet–Bieudron压力竖井","河流／灌渠","2045","线形未核定","","","表格记载的折旧期末","future","year","","","","2025","R027","","EPSG:4326","","","","","Savoy_Analyse de la gouvernance de la multifonctionnalité.pdf PDF 24,36","不能用Tracouet地点到Bieudron电站的直线代替竖井。；工程关联位置；早期协议时设施可能尚未建成。","待审理"
"L31_E064","L31","Bouillets–SEBA供水连接管线","河流／灌渠","1989","线形未核定","","","州决定要求保障并接通Bouillets水源","documented","day","1989-12-20","","","2025","R029","","EPSG:4326","","","","","Savoy_Analyse de la gouvernance de la multifonctionnalité.pdf PDF 47,48","源头和接入端点尚未核定。","待审理"
"L31_E065","L31","Bouillets–SEBA供水连接管线","河流／灌渠","1990","线形未核定","","","水源保障及条件出售／费用偿还三方协议","documented","day","1990-05-18","","","2025","R029","","EPSG:4326","","","","","Savoy_Analyse de la gouvernance de la multifonctionnalité.pdf PDF 47,48","源头和接入端点尚未核定。；实际出售完成日期未据此推定。","待审理"
"L32_E067","L32","Cleuson–Pra Mounet供水管道","河流／灌渠","2000","线形未核定","","","市镇储水、备用购水及费用协议","documented","day","2000-09-08","","","2025","R030","","EPSG:4326","","","","","Savoy_Analyse de la gouvernance de la multifonctionnalité.pdf PDF 41,42","材料有设施链，未取得全线工程坐标。","待审理"
"L32_E069","L32","Cleuson–Pra Mounet供水管道","河流／灌渠","2000","线形未核定","","","市镇工业用水／造雪供水框架协议","documented","year","","","","2025","R031","","EPSG:4326","","","","","Savoy_Analyse de la gouvernance de la multifonctionnalité.pdf PDF 43","材料有设施链，未取得全线工程坐标。；框架日期不能代替市镇与NVRM之间安排的具体日期。","待审理"
"L32_E068","L32","Cleuson–Pra Mounet供水管道","河流／灌渠","2013","线形未核定","","","供水协议续期","documented","year","","","","2025","R030","","EPSG:4326","","","","","Savoy_Analyse de la gouvernance de la multifonctionnalité.pdf PDF 41,42","材料有设施链，未取得全线工程坐标。","待审理"
"L33_E074","L33","La Dixence","河流／灌渠","2016","已核对具名地物参考线形","lines_wgs84.geojson","","决定实施Dixence人工洪水","documented","year","","","","2025","R033","","EPSG:4326","官方现状名称对应线形；未按特许权或历史年代裁切","La Dixence","{1516C763-A2BB-47D2-9B27-0FD5B3328E9A};{3E0846FE-7989-4E89-8BA8-0509CF65A717}","https://data.geo.admin.ch/ch.swisstopo.swissnames3d/swissnames3d_2026/swissnames3d_2026_2056.gpkg","Savoy_Analyse de la gouvernance de la multifonctionnalité.pdf PDF 49","","待审理"
"L33_E075","L33","La Dixence","河流／灌渠","2018","已核对具名地物参考线形","lines_wgs84.geojson","","试验洪水取消并调整治理安排","cancelled","year","","","","2025","R033","","EPSG:4326","官方现状名称对应线形；未按特许权或历史年代裁切","La Dixence","{1516C763-A2BB-47D2-9B27-0FD5B3328E9A};{3E0846FE-7989-4E89-8BA8-0509CF65A717}","https://data.geo.admin.ch/ch.swisstopo.swissnames3d/swissnames3d_2026/swissnames3d_2026_2056.gpkg","Savoy_Analyse de la gouvernance de la multifonctionnalité.pdf PDF 49","","待审理"
"L33_E076","L33","La Dixence","河流／灌渠","2023","已核对具名地物参考线形","lines_wgs84.geojson","","Printse替代修复方案提交","proposal","month","2023-03","","","2025","R033","","EPSG:4326","官方现状名称对应线形；未按特许权或历史年代裁切","La Dixence","{1516C763-A2BB-47D2-9B27-0FD5B3328E9A};{3E0846FE-7989-4E89-8BA8-0509CF65A717}","https://data.geo.admin.ch/ch.swisstopo.swissnames3d/swissnames3d_2026/swissnames3d_2026_2056.gpkg","Savoy_Analyse de la gouvernance de la multifonctionnalité.pdf PDF 49","","待审理"
"L34_E077","L34","L’Hongrin","河流／灌渠","1963","已核对具名地物参考线形","lines_wgs84.geojson","","跨州水力及Léman抽水授权","documented","year","","","","2025","R034","","EPSG:4326","官方现状名称对应线形；未按特许权或历史年代裁切","L'Hongrin","{20FC42CF-AD00-4EDF-A58E-446558DA2E9E};{FAF66B2A-2CEA-4808-9052-51CFF61504AA}","https://data.geo.admin.ch/ch.swisstopo.swissnames3d/swissnames3d_2026/swissnames3d_2026_2056.gpkg","Savoy_Analyse de la gouvernance de la multifonctionnalité.pdf PDF 57","生态放水事件对应坝下段；参考几何含该名称下全部已提取河段。；现状设施坐标不表示授权时设施已建。","待审理"
"L34_E078","L34","L’Hongrin","河流／灌渠","1971","已核对具名地物参考线形","lines_wgs84.geojson","","资料记载的运行起算／授权期限起点","documented","day","1971-10-01","","","2025","R034","","EPSG:4326","官方现状名称对应线形；未按特许权或历史年代裁切","L'Hongrin","{20FC42CF-AD00-4EDF-A58E-446558DA2E9E};{FAF66B2A-2CEA-4808-9052-51CFF61504AA}","https://data.geo.admin.ch/ch.swisstopo.swissnames3d/swissnames3d_2026/swissnames3d_2026_2056.gpkg","Savoy_Analyse de la gouvernance de la multifonctionnalité.pdf PDF 57；Savoy PDF58","生态放水事件对应坝下段；参考几何含该名称下全部已提取河段。；仅采用研究对特许期限起算的口径，不替换设备投运统计。","待审理"
"L34_E084","L34","L’Hongrin","河流／灌渠","2022","已核对具名地物参考线形","lines_wgs84.geojson","","生态放水延期并承诺后续补放","documented","year","","","","2025","R038","","EPSG:4326","官方现状名称对应线形；未按特许权或历史年代裁切","L'Hongrin","{20FC42CF-AD00-4EDF-A58E-446558DA2E9E};{FAF66B2A-2CEA-4808-9052-51CFF61504AA}","https://data.geo.admin.ch/ch.swisstopo.swissnames3d/swissnames3d_2026/swissnames3d_2026_2056.gpkg","Savoy_Analyse de la gouvernance de la multifonctionnalité.pdf PDF 71","生态放水事件对应坝下段；参考几何含该名称下全部已提取河段。","待审理"
"L34_E085","L34","L’Hongrin","河流／灌渠","2023","已核对具名地物参考线形","lines_wgs84.geojson","","前期延期水量的约定补放时点","scheduled_performance","year","","","","2025","R038","","EPSG:4326","官方现状名称对应线形；未按特许权或历史年代裁切","L'Hongrin","{20FC42CF-AD00-4EDF-A58E-446558DA2E9E};{FAF66B2A-2CEA-4808-9052-51CFF61504AA}","https://data.geo.admin.ch/ch.swisstopo.swissnames3d/swissnames3d_2026/swissnames3d_2026_2056.gpkg","Savoy_Analyse de la gouvernance de la multifonctionnalité.pdf PDF 71","生态放水事件对应坝下段；参考几何含该名称下全部已提取河段。；只确认约定，不确认实际已履行。","待审理"
"L34_E089","L34","L’Hongrin","河流／灌渠","2024","已核对具名地物参考线形","lines_wgs84.geojson","","防止外来物种传播而取消年度洪水","cancelled","year","","","","2025","R041","","EPSG:4326","官方现状名称对应线形；未按特许权或历史年代裁切","L'Hongrin","{20FC42CF-AD00-4EDF-A58E-446558DA2E9E};{FAF66B2A-2CEA-4808-9052-51CFF61504AA}","https://data.geo.admin.ch/ch.swisstopo.swissnames3d/swissnames3d_2026/swissnames3d_2026_2056.gpkg","Savoy_Analyse de la gouvernance de la multifonctionnalité.pdf PDF 67","生态放水事件对应坝下段；参考几何含该名称下全部已提取河段。","待审理"
"L34_E079","L34","L’Hongrin","河流／灌渠","2051","已核对具名地物参考线形","lines_wgs84.geojson","","资料记载的授权终期","future","month","2051-09","","","2025","R034","","EPSG:4326","官方现状名称对应线形；未按特许权或历史年代裁切","L'Hongrin","{20FC42CF-AD00-4EDF-A58E-446558DA2E9E};{FAF66B2A-2CEA-4808-9052-51CFF61504AA}","https://data.geo.admin.ch/ch.swisstopo.swissnames3d/swissnames3d_2026/swissnames3d_2026_2056.gpkg","Savoy_Analyse de la gouvernance de la multifonctionnalité.pdf PDF 57；Savoy PDF58","生态放水事件对应坝下段；参考几何含该名称下全部已提取河段。","待审理"
"L35_E077","L35","Le Petit Hongrin","河流／灌渠","1963","已核对具名地物参考线形","lines_wgs84.geojson","","跨州水力及Léman抽水授权","documented","year","","","","2025","R034","","EPSG:4326","官方现状名称对应线形；未按特许权或历史年代裁切","Le Petit Hongrin","{E3529402-7BA5-4ACA-98D2-C1517826A413}","https://data.geo.admin.ch/ch.swisstopo.swissnames3d/swissnames3d_2026/swissnames3d_2026_2056.gpkg","Savoy_Analyse de la gouvernance de la multifonctionnalité.pdf PDF 57","现状设施坐标不表示授权时设施已建。","待审理"
"L35_E078","L35","Le Petit Hongrin","河流／灌渠","1971","已核对具名地物参考线形","lines_wgs84.geojson","","资料记载的运行起算／授权期限起点","documented","day","1971-10-01","","","2025","R034","","EPSG:4326","官方现状名称对应线形；未按特许权或历史年代裁切","Le Petit Hongrin","{E3529402-7BA5-4ACA-98D2-C1517826A413}","https://data.geo.admin.ch/ch.swisstopo.swissnames3d/swissnames3d_2026/swissnames3d_2026_2056.gpkg","Savoy_Analyse de la gouvernance de la multifonctionnalité.pdf PDF 57；Savoy PDF58","仅采用研究对特许期限起算的口径，不替换设备投运统计。","待审理"
"L35_E079","L35","Le Petit Hongrin","河流／灌渠","2051","已核对具名地物参考线形","lines_wgs84.geojson","","资料记载的授权终期","future","month","2051-09","","","2025","R034","","EPSG:4326","官方现状名称对应线形；未按特许权或历史年代裁切","Le Petit Hongrin","{E3529402-7BA5-4ACA-98D2-C1517826A413}","https://data.geo.admin.ch/ch.swisstopo.swissnames3d/swissnames3d_2026/swissnames3d_2026_2056.gpkg","Savoy_Analyse de la gouvernance de la multifonctionnalité.pdf PDF 57；Savoy PDF58","","待审理"
"L36_E077","L36","Hongrin–Veytaux引水及抽水管线","河流／灌渠","1963","线形未核定","","","跨州水力及Léman抽水授权","documented","year","","","","2025","R034","","EPSG:4326","","","","","Savoy_Analyse de la gouvernance de la multifonctionnalité.pdf PDF 57","地下引水线与压力井需工程资料。；现状设施坐标不表示授权时设施已建。","待审理"
"L36_E078","L36","Hongrin–Veytaux引水及抽水管线","河流／灌渠","1971","线形未核定","","","资料记载的运行起算／授权期限起点","documented","day","1971-10-01","","","2025","R034","","EPSG:4326","","","","","Savoy_Analyse de la gouvernance de la multifonctionnalité.pdf PDF 57；Savoy PDF58","地下引水线与压力井需工程资料。；仅采用研究对特许期限起算的口径，不替换设备投运统计。","待审理"
"L36_E079","L36","Hongrin–Veytaux引水及抽水管线","河流／灌渠","2051","线形未核定","","","资料记载的授权终期","future","month","2051-09","","","2025","R034","","EPSG:4326","","","","","Savoy_Analyse de la gouvernance de la multifonctionnalité.pdf PDF 57；Savoy PDF58","地下引水线与压力井需工程资料。","待审理"
"L37_E086","L37","Hongrin–Leysin／Les Mosses拟议造雪管线","河流／灌渠","2023","线形未核定","","","造雪取水／报酬／返水附条件协议","conditional","year","","","","2025","R039","","EPSG:4326","","","","","Savoy_Analyse de la gouvernance de la multifonctionnalité.pdf PDF 69,70","项目曾撤回；没有已建成管线可定位。；生效以另获州抽水授权为条件，获批未证实。","待审理"
"L37_E087","L37","Hongrin–Leysin／Les Mosses拟议造雪管线","河流／灌渠","2024","线形未核定","","","造雪项目撤回","withdrawn","year","","","","2025","R039","","EPSG:4326","","","","","Savoy_Analyse de la gouvernance de la multifonctionnalité.pdf PDF 69,70","项目曾撤回；没有已建成管线可定位。","待审理"
"L38_E097","L38","Äbibärgeri","河流／灌渠","1922","候选名称线形，需审理同一性","lines_wgs84.geojson","","回忆所述市镇收购灌渠","historical_recollection","reported_year","","","","","R049","","EPSG:4326","官方现状名称对应线形；未按特许权或历史年代裁切","Äbibergeri","{C0DF5775-AF97-450B-BCB9-7ED261897293}","https://data.geo.admin.ch/ch.swisstopo.swissnames3d/swissnames3d_2026/swissnames3d_2026_2056.gpkg","Bellwald_Les cabanes de gardiens de bisses.pdf PDF 6","原文历史拼写与官方现名的对应仍列为候选；不把同音视为已审定。","待审理"
"L39_E007","L39","Niouc悬索桥上的Briey输水管","河流／灌渠","2017","线形未核定","","","灌溉权争议和解并重定供水额度","documented","day","2017-06-13","","","2025","R002","B2017;Bsettle","EPSG:4326","","","","","Savoy_Analyse de la gouvernance de la multifonctionnalité.pdf PDF 101,100；Savoy PDF81","桥上输水管是线性构件；桥的位置不能代替整条管线。；旧Sarrasins渠仅为争议关联对象。","待审理"
