"Row_ID","Object_ID","Name","Type","Value","Geometry_Status","Event","Event_Status","Year_Status","Event_Date","Year_Min","Year_Max","Source_Year","Record_ID","Relation_ID","CRS","Right_Source","Note","Review"
"A01_E034","A01","Lac de Moiry","水库水面","1959","面域／集合无唯一XY","上段特许权期限起点","documented","year","","","","2025","R014","U_grant","EPSG:4326","Savoy_Analyse de la gouvernance de la multifonctionnalité.pdf PDF 78,94","湖面准入／蓄水用途；不能与Moiry坝体点互换。","待审理"
"A01_E019","A01","Lac de Moiry","水库水面","2021","面域／集合无唯一XY","市镇同意湖面皮划艇活动","documented","month_range","","","","2025","R010","","EPSG:4326","Savoy_Analyse de la gouvernance de la multifonctionnalité.pdf PDF 103,104","湖面准入／蓄水用途；不能与Moiry坝体点互换。；材料仅列夏季两个月，未补造具体日期。","待审理"
"A01_E020","A01","Lac de Moiry","水库水面","2022","面域／集合无唯一XY","皮划艇活动规则与安全责任安排","documented","day","2022-06-24","","","2025","R010","","EPSG:4326","Savoy_Analyse de la gouvernance de la multifonctionnalité.pdf PDF 103,104","湖面准入／蓄水用途；不能与Moiry坝体点互换。","待审理"
"A01_E021","A01","Lac de Moiry","水库水面","2023","面域／集合无唯一XY","皮划艇经营活动停止","ceased","year","","","","2025","R010","","EPSG:4326","Savoy_Analyse de la gouvernance de la multifonctionnalité.pdf PDF 103,104","湖面准入／蓄水用途；不能与Moiry坝体点互换。；停止的是该活动；不推定整个湖面的法律禁令改变。","待审理"
"A01_E026","A01","Lac de Moiry","水库水面","2039","面域／集合无唯一XY","上段涉水资产回归安排","future","year","","","","2022","R013","RETURN39","EPSG:4326","Bagnoud_Val d’Anniviers-on prépare déjà l’échéance de la concession des Forces motrices de la Gougra en 2039.pdf PDF 4","湖面准入／蓄水用途；不能与Moiry坝体点互换。；工程关联；最终移交边界以资产清册为准。","待审理"
"A01_E035","A01","Lac de Moiry","水库水面","2039","面域／集合无唯一XY","上段特许权期限届满","future","year","","","","2025","R014","U_grant","EPSG:4326","Savoy_Analyse de la gouvernance de la multifonctionnalité.pdf PDF 78,94","湖面准入／蓄水用途；不能与Moiry坝体点互换。","待审理"
"A02_E034","A02","Lac de Lona","湖泊","1959","面域／集合无唯一XY","上段特许权期限起点","documented","year","","","","2025","R014","U_grant","EPSG:4326","Savoy_Analyse de la gouvernance de la multifonctionnalité.pdf PDF 78,94","上段授权水体，面积对象无唯一点位。","待审理"
"A02_E035","A02","Lac de Lona","湖泊","2039","面域／集合无唯一XY","上段特许权期限届满","future","year","","","","2025","R014","U_grant","EPSG:4326","Savoy_Analyse de la gouvernance de la multifonctionnalité.pdf PDF 78,94","上段授权水体，面积对象无唯一点位。","待审理"
"A02_E033","A02","Lac de Lona","湖泊","","面域／集合无唯一XY","上段各项分立授权文书","documented","interval_unknown","","1950","1957","2025","R014","","EPSG:4326","Savoy_Analyse de la gouvernance de la multifonctionnalité.pdf PDF 78,94","上段授权水体，面积对象无唯一点位。；未将区间内各年生成为独立事件。","待审理"
"A03_E034","A03","Retenue de Tourtemagne / Turtmannsee","水库","1959","面域／集合无唯一XY","上段特许权期限起点","documented","year","","","","2025","R014","U_grant","EPSG:4326","Savoy_Analyse de la gouvernance de la multifonctionnalité.pdf PDF 78,94","与坝体分开。","待审理"
"A03_E026","A03","Retenue de Tourtemagne / Turtmannsee","水库","2039","面域／集合无唯一XY","上段涉水资产回归安排","future","year","","","","2022","R013","RETURN39","EPSG:4326","Bagnoud_Val d’Anniviers-on prépare déjà l’échéance de la concession des Forces motrices de la Gougra en 2039.pdf PDF 4","与坝体分开。；工程关联；最终移交边界以资产清册为准。","待审理"
"A03_E035","A03","Retenue de Tourtemagne / Turtmannsee","水库","2039","面域／集合无唯一XY","上段特许权期限届满","future","year","","","","2025","R014","U_grant","EPSG:4326","Savoy_Analyse de la gouvernance de la multifonctionnalité.pdf PDF 78,94","与坝体分开。","待审理"
"A04_E011","A04","Plats de la Lée / Les Plats de la Lé","生态修复区","2016","面域／集合无唯一XY","工程不反对与生态修复出资安排载入州决定","documented","day","2016-10-19","","","2025","R006","","EPSG:4326","Savoy_Analyse de la gouvernance de la multifonctionnalité.pdf PDF 104,105","修复地块边界需项目图；未用同名公交站点。","待审理"
"A05_E003","A05","Niouc喷灌网络","灌溉网络","2008","面域／集合无唯一XY","减量换喷灌设施资助协议","documented","day","2008-03-18","","","2025","R001","N2008;Nfund","EPSG:4326","Savoy_Analyse de la gouvernance de la multifonctionnalité.pdf PDF 100,95","分散设施集合，不能以灌渠定位点代替。","待审理"
"A06_E010","A06","Ayer／Anniviers旧灌渠与替代喷灌体系","灌溉网络","","面域／集合无唯一XY","旧渠维护及供水改为管道接入／喷灌安排","documented","approximate","","2000","","2025","R005","","EPSG:4326","Savoy_Analyse de la gouvernance de la multifonctionnalité.pdf PDF 99,100","记录未逐一列出全部渠、支管与地块。；仅知年代和相对时间，不据此填写某个确定变更年。","待审理"
"A07_E016","A07","Sorebois–Singlinaz造雪受益区","雪场","2006","面域／集合无唯一XY","Zinal造雪有偿供水协议","documented","year","","","","2025","R009","SN_zinal_lifts;PAY_zinal_lifts","EPSG:4326","Savoy_Analyse de la gouvernance de la multifonctionnalité.pdf PDF 102,103","供水用途范围；非单一点。","待审理"
"A07_E018","A07","Sorebois–Singlinaz造雪受益区","雪场","","面域／集合无唯一XY","合并公司RMGZ供水现状","documented","observation_not_change","","","","2025","R009","SN_rmgz","EPSG:4326","Savoy_Analyse de la gouvernance de la multifonctionnalité.pdf PDF 102,103","供水用途范围；非单一点。；公司合并时间及供水权变更时间未核实。","待审理"
"A08_E017","A08","Bendolla造雪受益区","雪场","2007","面域／集合无唯一XY","Grimentz造雪有偿供水协议","documented","year","","","","2025","R009","SN_grimentz_lifts;PAY_grimentz_lifts","EPSG:4326","Savoy_Analyse de la gouvernance de la multifonctionnalité.pdf PDF 102,103","供水用途范围；非单一点。","待审理"
"A08_E018","A08","Bendolla造雪受益区","雪场","","面域／集合无唯一XY","合并公司RMGZ供水现状","documented","observation_not_change","","","","2025","R009","SN_rmgz","EPSG:4326","Savoy_Analyse de la gouvernance de la multifonctionnalité.pdf PDF 102,103","供水用途范围；非单一点。；公司合并时间及供水权变更时间未核实。","待审理"
"A09_E050","A09","Alpage de Moiry湖左岸租赁土地","牧场宗地集合","","面域／集合无唯一XY","牧场租赁及右岸餐厅转租链","documented","unknown","","","","2025","R022","","EPSG:4326","Savoy_Analyse de la gouvernance de la multifonctionnalité.pdf PDF 96","市镇→Moiry牧场；宗地号未列。；餐厅仅为转租链关联建筑，土地标的另列。","待审理"
"A10_E050","A10","Alpage de Château-Pré湖右岸租赁土地","牧场宗地集合","","面域／集合无唯一XY","牧场租赁及右岸餐厅转租链","documented","unknown","","","","2025","R022","","EPSG:4326","Savoy_Analyse de la gouvernance de la multifonctionnalité.pdf PDF 96","FMG→餐厅→Château-Pré牧场；不以餐厅房屋坐标替代土地。；餐厅仅为转租链关联建筑，土地标的另列。","待审理"
"A11_E046","A11","Moiry Via Ferrata使用土地","土地使用范围","","面域／集合无唯一XY","Via Ferrata免费使用土地及责任协议","documented","interval_unknown","","2005","2006","2025","R020","","EPSG:4326","Savoy_Analyse de la gouvernance de la multifonctionnalité.pdf PDF 95","攀登路线另列；合同涉及的地籍范围未核定。；来源以期间列出多份协议，未确定每份具体签约年。","待审理"
"A12_E067","A12","Lac de Cleuson","水库水面／库容","2000","面域／集合无唯一XY","市镇储水、备用购水及费用协议","documented","day","2000-09-08","","","2025","R030","","EPSG:4326","Savoy_Analyse de la gouvernance de la multifonctionnalité.pdf PDF 41,42","库容、储水与购水用途无唯一点位。","待审理"
"A12_E069","A12","Lac de Cleuson","水库水面／库容","2000","面域／集合无唯一XY","市镇工业用水／造雪供水框架协议","documented","year","","","","2025","R031","","EPSG:4326","Savoy_Analyse de la gouvernance de la multifonctionnalité.pdf PDF 43","库容、储水与购水用途无唯一点位。；框架日期不能代替市镇与NVRM之间安排的具体日期。","待审理"
"A12_E068","A12","Lac de Cleuson","水库水面／库容","2013","面域／集合无唯一XY","供水协议续期","documented","year","","","","2025","R030","","EPSG:4326","Savoy_Analyse de la gouvernance de la multifonctionnalité.pdf PDF 41,42","库容、储水与购水用途无唯一点位。","待审理"
"A13_E069","A13","Nendaz–Veysonnaz造雪系统","供水及用水网络","2000","面域／集合无唯一XY","市镇工业用水／造雪供水框架协议","documented","year","","","","2025","R031","","EPSG:4326","Savoy_Analyse de la gouvernance de la multifonctionnalité.pdf PDF 43","付款链明确；分布式用水系统不是一座建筑。；框架日期不能代替市镇与NVRM之间安排的具体日期。","待审理"
"A13_E070","A13","Nendaz–Veysonnaz造雪系统","供水及用水网络","","面域／集合无唯一XY","NVRM经市镇付款的具体安排","documented","unknown","","","","2025","R031","","EPSG:4326","Savoy_Analyse de la gouvernance de la multifonctionnalité.pdf PDF 43","付款链明确；分布式用水系统不是一座建筑。；是否书面合同在访谈中有分歧。","待审理"
"A14_E077","A14","Lac de l’Hongrin","水库水面","1963","面域／集合无唯一XY","跨州水力及Léman抽水授权","documented","year","","","","2025","R034","","EPSG:4326","Savoy_Analyse de la gouvernance de la multifonctionnalité.pdf PDF 57","与Hongrin两座坝体分别记录。；现状设施坐标不表示授权时设施已建。","待审理"
"A14_E078","A14","Lac de l’Hongrin","水库水面","1971","面域／集合无唯一XY","资料记载的运行起算／授权期限起点","documented","day","1971-10-01","","","2025","R034","","EPSG:4326","Savoy_Analyse de la gouvernance de la multifonctionnalité.pdf PDF 57；Savoy PDF58","与Hongrin两座坝体分别记录。；仅采用研究对特许期限起算的口径，不替换设备投运统计。","待审理"
"A14_E088","A14","Lac de l’Hongrin","水库水面","2018","面域／集合无唯一XY","干旱期间直升机应急免费取水","documented","year","","","","2025","R040","","EPSG:4326","Savoy_Analyse de la gouvernance de la multifonctionnalité.pdf PDF 67,68","与Hongrin两座坝体分别记录。","待审理"
"A14_E084","A14","Lac de l’Hongrin","水库水面","2022","面域／集合无唯一XY","生态放水延期并承诺后续补放","documented","year","","","","2025","R038","","EPSG:4326","Savoy_Analyse de la gouvernance de la multifonctionnalité.pdf PDF 71","与Hongrin两座坝体分别记录。","待审理"
"A14_E085","A14","Lac de l’Hongrin","水库水面","2023","面域／集合无唯一XY","前期延期水量的约定补放时点","scheduled_performance","year","","","","2025","R038","","EPSG:4326","Savoy_Analyse de la gouvernance de la multifonctionnalité.pdf PDF 71","与Hongrin两座坝体分别记录。；只确认约定，不确认实际已履行。","待审理"
"A14_E086","A14","Lac de l’Hongrin","水库水面","2023","面域／集合无唯一XY","造雪取水／报酬／返水附条件协议","conditional","year","","","","2025","R039","","EPSG:4326","Savoy_Analyse de la gouvernance de la multifonctionnalité.pdf PDF 69,70","与Hongrin两座坝体分别记录。；生效以另获州抽水授权为条件，获批未证实。","待审理"
"A14_E087","A14","Lac de l’Hongrin","水库水面","2024","面域／集合无唯一XY","造雪项目撤回","withdrawn","year","","","","2025","R039","","EPSG:4326","Savoy_Analyse de la gouvernance de la multifonctionnalité.pdf PDF 69,70","与Hongrin两座坝体分别记录。","待审理"
"A14_E089","A14","Lac de l’Hongrin","水库水面","2024","面域／集合无唯一XY","防止外来物种传播而取消年度洪水","cancelled","year","","","","2025","R041","","EPSG:4326","Savoy_Analyse de la gouvernance de la multifonctionnalité.pdf PDF 67","与Hongrin两座坝体分别记录。","待审理"
"A14_E079","A14","Lac de l’Hongrin","水库水面","2051","面域／集合无唯一XY","资料记载的授权终期","future","month","2051-09","","","2025","R034","","EPSG:4326","Savoy_Analyse de la gouvernance de la multifonctionnalité.pdf PDF 57；Savoy PDF58","与Hongrin两座坝体分别记录。","待审理"
"A15_E077","A15","Lac Léman","湖泊","1963","面域／集合无唯一XY","跨州水力及Léman抽水授权","documented","year","","","","2025","R034","","EPSG:4326","Savoy_Analyse de la gouvernance de la multifonctionnalité.pdf PDF 57","抽水水源为湖水，具体抽水口另列。；现状设施坐标不表示授权时设施已建。","待审理"
"A15_E078","A15","Lac Léman","湖泊","1971","面域／集合无唯一XY","资料记载的运行起算／授权期限起点","documented","day","1971-10-01","","","2025","R034","","EPSG:4326","Savoy_Analyse de la gouvernance de la multifonctionnalité.pdf PDF 57；Savoy PDF58","抽水水源为湖水，具体抽水口另列。；仅采用研究对特许期限起算的口径，不替换设备投运统计。","待审理"
"A15_E089","A15","Lac Léman","湖泊","2024","面域／集合无唯一XY","防止外来物种传播而取消年度洪水","cancelled","year","","","","2025","R041","","EPSG:4326","Savoy_Analyse de la gouvernance de la multifonctionnalité.pdf PDF 67","抽水水源为湖水，具体抽水口另列。","待审理"
"A15_E079","A15","Lac Léman","湖泊","2051","面域／集合无唯一XY","资料记载的授权终期","future","month","2051-09","","","2025","R034","","EPSG:4326","Savoy_Analyse de la gouvernance de la multifonctionnalité.pdf PDF 57；Savoy PDF58","抽水水源为湖水，具体抽水口另列。","待审理"
"A16_E086","A16","Leysin造雪受益区","雪场","2023","面域／集合无唯一XY","造雪取水／报酬／返水附条件协议","conditional","year","","","","2025","R039","","EPSG:4326","Savoy_Analyse de la gouvernance de la multifonctionnalité.pdf PDF 69,70","关联拟议造雪供水项目。；生效以另获州抽水授权为条件，获批未证实。","待审理"
"A16_E087","A16","Leysin造雪受益区","雪场","2024","面域／集合无唯一XY","造雪项目撤回","withdrawn","year","","","","2025","R039","","EPSG:4326","Savoy_Analyse de la gouvernance de la multifonctionnalité.pdf PDF 69,70","关联拟议造雪供水项目。","待审理"
"A17_E086","A17","Les Mosses造雪受益区","雪场","2023","面域／集合无唯一XY","造雪取水／报酬／返水附条件协议","conditional","year","","","","2025","R039","","EPSG:4326","Savoy_Analyse de la gouvernance de la multifonctionnalité.pdf PDF 69,70","关联拟议造雪供水项目。；生效以另获州抽水授权为条件，获批未证实。","待审理"
"A17_E087","A17","Les Mosses造雪受益区","雪场","2024","面域／集合无唯一XY","造雪项目撤回","withdrawn","year","","","","2025","R039","","EPSG:4326","Savoy_Analyse de la gouvernance de la multifonctionnalité.pdf PDF 69,70","关联拟议造雪供水项目。","待审理"
"A18_E088","A18","Hongrin应急供水受益高山牧场","未具名牧场集合","2018","面域／集合无唯一XY","干旱期间直升机应急免费取水","documented","year","","","","2025","R040","","EPSG:4326","Savoy_Analyse de la gouvernance de la multifonctionnalité.pdf PDF 67,68","受益地分散且未具名。","待审理"
"A19_E089","A19","Sarine流域","流域","2024","面域／集合无唯一XY","防止外来物种传播而取消年度洪水","cancelled","year","","","","2025","R041","","EPSG:4326","Savoy_Analyse de la gouvernance de la multifonctionnalité.pdf PDF 67","物种传播风险的受影响范围，不是固定取水点。","待审理"
"A20_E026","A20","Gougra上段涉水资产集合","工程资产集合","2039","面域／集合无唯一XY","上段涉水资产回归安排","future","year","","","","2022","R013","RETURN39","EPSG:4326","Bagnoud_Val d’Anniviers-on prépare déjà l’échéance de la concession des Forces motrices de la Gougra en 2039.pdf PDF 4","完整回归资产清册未取得。；工程关联；最终移交边界以资产清册为准。","待审理"
"A21_E022","A21","Gougra上段干式设施集合","工程资产集合","2022","面域／集合无唯一XY","上段回归补偿协议获批准","documented","year","","","","2022","R011","VAL22","EPSG:4326","Bagnoud_Val d’Anniviers-on prépare déjà l’échéance de la concession des Forces motrices de la Gougra en 2039.pdf PDF 2,3,4,5","补偿对应资产集合，不能只取某座电站坐标。；金额采用原关系包并列口径；本表不重新估值。","待审理"
"A21_E023","A21","Gougra上段干式设施集合","工程资产集合","2039","面域／集合无唯一XY","上段回归补偿约定支付时点","future_obligation","year","","","","2022","R011","VAL22","EPSG:4326","Bagnoud_Val d’Anniviers-on prépare déjà l’échéance de la concession des Forces motrices de la Gougra en 2039.pdf PDF 2,3,4,5","补偿对应资产集合，不能只取某座电站坐标。","待审理"
"A22_E013","A22","Navizence下段工程集合","工程资产集合","2004","面域／集合无唯一XY","Navizence下段授权续期","documented","year","","","","2025","R008","L_grant","EPSG:4326","Savoy_Analyse de la gouvernance de la multifonctionnalité.pdf PDF 104","工程参与权益不等于特定建筑物产权。","待审理"
"A22_E118","A22","Navizence下段工程集合","工程资产集合","2004","面域／集合无唯一XY","研究报告所述下段51%参与时点","source_conflict","year","","","","2025","","LOWER51old","EPSG:4326","EV03","工程参与权益不等于特定建筑物产权。","待审理"
"A22_E014","A22","Navizence下段工程集合","工程资产集合","2009","面域／集合无唯一XY","Navizence下段授权州核准","documented","day","2009-01-28","","","2025","R008","","EPSG:4326","Savoy_Analyse de la gouvernance de la multifonctionnalité.pdf PDF 104","工程参与权益不等于特定建筑物产权。","待审理"
"A22_E119","A22","Navizence下段工程集合","工程资产集合","2039","面域／集合无唯一XY","官方访谈所述下段51%参与时点","future","year","","","","2026","","LOWER51new","EPSG:4326","EV13","工程参与权益不等于特定建筑物产权。","待审理"
"A22_E015","A22","Navizence下段工程集合","工程资产集合","2084","面域／集合无唯一XY","Navizence下段授权届满","future","year","","","","2025","R008","L2084","EPSG:4326","Savoy_Analyse de la gouvernance de la multifonctionnalité.pdf PDF 104","工程参与权益不等于特定建筑物产权。","待审理"
"A23_E053","A23","Mauvoisin替代供水设施集合","供水设施集合","1963","面域／集合无唯一XY","Saxon与EOS供水协议","documented","month","1963-09","","","2025","R024","","EPSG:4326","Savoy_Analyse de la gouvernance de la multifonctionnalité.pdf PDF 46,36","Saxon供水替代路径未具体化到某一电站或取水口。","待审理"
"A23_E054","A23","Mauvoisin替代供水设施集合","供水设施集合","1963","面域／集合无唯一XY","EOS与FMM替代供水及补偿协议","documented","month","1963-10","","","2025","R024","","EPSG:4326","Savoy_Analyse de la gouvernance de la multifonctionnalité.pdf PDF 46,36","Saxon供水替代路径未具体化到某一电站或取水口。","待审理"
"A24_E064","A24","SEBA原有水源集合","水源集合","1989","面域／集合无唯一XY","州决定要求保障并接通Bouillets水源","documented","day","1989-12-20","","","2025","R029","","EPSG:4326","Savoy_Analyse de la gouvernance de la multifonctionnalité.pdf PDF 47,48","原文没有逐一具名。","待审理"
"A24_E065","A24","SEBA原有水源集合","水源集合","1990","面域／集合无唯一XY","水源保障及条件出售／费用偿还三方协议","documented","day","1990-05-18","","","2025","R029","","EPSG:4326","Savoy_Analyse de la gouvernance de la multifonctionnalité.pdf PDF 47,48","原文没有逐一具名。；实际出售完成日期未据此推定。","待审理"
"A25_E063","A25","Cleuson-Dixence保护补偿地点","未确定补偿地物","1992","面域／集合无唯一XY","WWF撤诉及保护补偿三方协议","documented","year","","","","2025","R028","","EPSG:4326","Savoy_Analyse de la gouvernance de la multifonctionnalité.pdf PDF 37","补偿地点尚未列明；不能用Bieudron替代补偿地块。","待审理"
"A26_E121","A26","Mottec调节池","水体","2039","面域／集合无唯一XY","上段工程期限终点关联的调节设施","future","year","","","","2025","R014","","EPSG:4326","Savoy_Analyse de la gouvernance de la multifonctionnalité.pdf PDF 78,94；Savoy PDF78","与同名电站分开。；关联设施，不替代逐项资产回归清册。","待审理"
"A27_E121","A27","Vissoie调节池","水体","2039","面域／集合无唯一XY","上段工程期限终点关联的调节设施","future","year","","","","2025","R014","","EPSG:4326","Savoy_Analyse de la gouvernance de la multifonctionnalité.pdf PDF 78,94；Savoy PDF78","与电站和坝体分开，面积对象。；关联设施，不替代逐项资产回归清册。","待审理"
"A28_E049","A28","Grand-Praz废弃物处理站用地","设施用地区域","2018","面域／集合无唯一XY","Grand-Praz废弃物站供水接入协议","documented","year","","","","2025","R021","","EPSG:4326","Savoy_Analyse de la gouvernance de la multifonctionnalité.pdf PDF 95,96","州文件给出用地约略位置；没有把用地中心当作供水接入口。","待审理"
"EQ_alpiq_E108","EQ_alpiq","Alpiq SA持有的FMG股权","公司股权","","非地物客体","公司股权比例观测，取得／变更年未披露","documented","observation_not_change","","","","2025","","EQ_alpiq","EPSG:4326","EV12","不以公司总部坐标代替股权客体。","待审理"
"EQ_anniviers_E110","EQ_anniviers","Commune d’Anniviers持有的FMG股权","公司股权","","非地物客体","公司股权比例观测，取得／变更年未披露","documented","observation_not_change","","","","2025","","EQ_anniviers","EPSG:4326","EV12","不以公司总部坐标代替股权客体。","待审理"
"EQ_chalais_E113","EQ_chalais","Commune de Chalais持有的FMG股权","公司股权","","非地物客体","公司股权比例观测，取得／变更年未披露","documented","observation_not_change","","","","2025","","EQ_chalais","EPSG:4326","EV12","不以公司总部坐标代替股权客体。","待审理"
"EQ_chippis_E112","EQ_chippis","Commune de Chippis持有的FMG股权","公司股权","","非地物客体","公司股权比例观测，取得／变更年未披露","documented","observation_not_change","","","","2025","","EQ_chippis","EPSG:4326","EV12","不以公司总部坐标代替股权客体。","待审理"
"EQ_oiken_E114","EQ_oiken","Oiken持有的FMG股权","公司股权","","非地物客体","公司股权比例观测，取得／变更年未披露","documented","observation_not_change","","","","2025","","EQ_oiken","EPSG:4326","EV12","不以公司总部坐标代替股权客体。","待审理"
"EQ_rhonewerke_E109","EQ_rhonewerke","Rhonewerke AG持有的FMG股权","公司股权","","非地物客体","公司股权比例观测，取得／变更年未披露","documented","observation_not_change","","","","2025","","EQ_rhonewerke","EPSG:4326","EV12","不以公司总部坐标代替股权客体。","待审理"
"EQ_sierre_E111","EQ_sierre","Commune de Sierre持有的FMG股权","公司股权","","非地物客体","公司股权比例观测，取得／变更年未披露","documented","observation_not_change","","","","2025","","EQ_sierre","EPSG:4326","EV12","不以公司总部坐标代替股权客体。","待审理"
"G_anniviers_E101","G_anniviers","Commune d’Anniviers的上段已授水力份额","水力授予份额","","非地物客体","公共授予份额观测，变更年未披露","documented","observation_not_change","","","","2022","","G_anniviers","EPSG:4326","EV11","份额不对应可唯一分割的河段或土地。","待审理"
"G_chalais_E107","G_chalais","Commune de Chalais的上段已授水力份额","水力授予份额","","非地物客体","公共授予份额观测，变更年未披露","documented","observation_not_change","","","","2022","","G_chalais","EPSG:4326","EV11","份额不对应可唯一分割的河段或土地。","待审理"
"G_chippis_E106","G_chippis","Commune de Chippis的上段已授水力份额","水力授予份额","","非地物客体","公共授予份额观测，变更年未披露","documented","observation_not_change","","","","2022","","G_chippis","EPSG:4326","EV11","份额不对应可唯一分割的河段或土地。","待审理"
"G_ergisch_E102","G_ergisch","Commune d’Ergisch的上段已授水力份额","水力授予份额","","非地物客体","公共授予份额观测，变更年未披露","documented","observation_not_change","","","","2022","","G_ergisch","EPSG:4326","EV11","份额不对应可唯一分割的河段或土地。","待审理"
"G_oberems_E104","G_oberems","Commune d’Oberems的上段已授水力份额","水力授予份额","","非地物客体","公共授予份额观测，变更年未披露","documented","observation_not_change","","","","2022","","G_oberems","EPSG:4326","EV11","份额不对应可唯一分割的河段或土地。","待审理"
"G_turtmann_unterems_E103","G_turtmann_unterems","Commune de Turtmann-Unterems的上段已授水力份额","水力授予份额","","非地物客体","公共授予份额观测，变更年未披露","documented","observation_not_change","","","","2022","","G_turtmann_unterems","EPSG:4326","EV11","份额不对应可唯一分割的河段或土地。","待审理"
"G_valais_E105","G_valais","Canton du Valais的上段已授水力份额","水力授予份额","","非地物客体","公共授予份额观测，变更年未披露","documented","observation_not_change","","","","2022","","G_valais","EPSG:4326","EV11","份额不对应可唯一分割的河段或土地。","待审理"
"N01_E003","N01","Niouc喷灌设施定额资助","金钱给付","2008","非地物客体","减量换喷灌设施资助协议","documented","day","2008-03-18","","","2025","R001","N2008;Nfund","EPSG:4326","Savoy_Analyse de la gouvernance de la multifonctionnalité.pdf PDF 100,95","客体是权益或给付，不把付款方／受款方办公地点当作其坐标。","待审理"
"N02_E007","N02","Briey历史水权及免费性争议和解","权利／程序义务","2017","非地物客体","灌溉权争议和解并重定供水额度","documented","day","2017-06-13","","","2025","R002","B2017;Bsettle","EPSG:4326","Savoy_Analyse de la gouvernance de la multifonctionnalité.pdf PDF 101,100；Savoy PDF81","客体是权益或给付，不把付款方／受款方办公地点当作其坐标。；旧Sarrasins渠仅为争议关联对象。","待审理"
"N03_E008","N03","Roux／St-Luc超额供水费","金钱给付","2018","非地物客体","Roux免费供水额度及超额付费协议","documented","year","","","","2025","R003","W_roux;DIST_roux;W_excess","EPSG:4326","Savoy_Analyse de la gouvernance de la multifonctionnalité.pdf PDF 101；Savoy PDF81–82；https://bisses-valais.ch/bisses/bisse-de-lacher-roux/","客体是权益或给付，不把付款方／受款方办公地点当作其坐标。","待审理"
"N03_E009","N03","Roux／St-Luc超额供水费","金钱给付","2018","非地物客体","St-Luc免费供水额度及超额付费协议","documented","year","","","","2025","R004","W_grand_st_luc;DIST_grand_st_luc;W_excess","EPSG:4326","Savoy_Analyse de la gouvernance de la multifonctionnalité.pdf PDF 101；Savoy PDF81–82","客体是权益或给付，不把付款方／受款方办公地点当作其坐标。","待审理"
"N04_E016","N04","Zinal造雪供水费","金钱给付","2006","非地物客体","Zinal造雪有偿供水协议","documented","year","","","","2025","R009","SN_zinal_lifts;PAY_zinal_lifts","EPSG:4326","Savoy_Analyse de la gouvernance de la multifonctionnalité.pdf PDF 102,103","客体是权益或给付，不把付款方／受款方办公地点当作其坐标。","待审理"
"N05_E017","N05","Grimentz造雪供水费","金钱给付","2007","非地物客体","Grimentz造雪有偿供水协议","documented","year","","","","2025","R009","SN_grimentz_lifts;PAY_grimentz_lifts","EPSG:4326","Savoy_Analyse de la gouvernance de la multifonctionnalité.pdf PDF 102,103","客体是权益或给付，不把付款方／受款方办公地点当作其坐标。","待审理"
"N06_E022","N06","Gougra上段回归补偿款","金钱给付","2022","非地物客体","上段回归补偿协议获批准","documented","year","","","","2022","R011","VAL22","EPSG:4326","Bagnoud_Val d’Anniviers-on prépare déjà l’échéance de la concession des Forces motrices de la Gougra en 2039.pdf PDF 2,3,4,5","客体是权益或给付，不把付款方／受款方办公地点当作其坐标。；金额采用原关系包并列口径；本表不重新估值。","待审理"
"N06_E023","N06","Gougra上段回归补偿款","金钱给付","2039","非地物客体","上段回归补偿约定支付时点","future_obligation","year","","","","2022","R011","VAL22","EPSG:4326","Bagnoud_Val d’Anniviers-on prépare déjà l’échéance de la concession des Forces motrices de la Gougra en 2039.pdf PDF 2,3,4,5","客体是权益或给付，不把付款方／受款方办公地点当作其坐标。","待审理"
"N07_E024","N07","Gougra现代化残值补偿","金钱给付","2022","非地物客体","现代化增值／残值补偿纳入约定","documented","year","","","","2022","R012","VAL22","EPSG:4326","Bagnoud_Val d’Anniviers-on prépare déjà l’échéance de la concession des Forces motrices de la Gougra en 2039.pdf PDF 4,5","客体是权益或给付，不把付款方／受款方办公地点当作其坐标。","待审理"
"N07_E025","N07","Gougra现代化残值补偿","金钱给付","2039","非地物客体","现代化补偿约定结算时点","future_obligation","year","","","","2022","R012","VAL22","EPSG:4326","Bagnoud_Val d’Anniviers-on prépare déjà l’échéance de la concession des Forces motrices de la Gougra en 2039.pdf PDF 4,5","客体是权益或给付，不把付款方／受款方办公地点当作其坐标。","待审理"
"N07_E040","N07","Gougra现代化残值补偿","金钱给付","","非地物客体","拟议加高投资补偿待谈","proposal","unknown","","","","2025","R016","","EPSG:4326","Savoy_Analyse de la gouvernance de la multifonctionnalité.pdf PDF 78","客体是权益或给付，不把付款方／受款方办公地点当作其坐标。；不把报道日期当成签约年份。","待审理"
"N08_E036","N08","ACC-FMG39协调安排","组织／协调关系","2021","非地物客体","ACC-FMG39成立并协调续权准备","documented","year","","","","2025","R015","","EPSG:4326","Savoy_Analyse de la gouvernance de la multifonctionnalité.pdf PDF 110,112,113","客体是权益或给付，不把付款方／受款方办公地点当作其坐标。；组织安排，不是新特许权授予。","待审理"
"N09_E037","N09","未来上段新concession","待授权利","2039","非地物客体","新上段concession待决定","undetermined","year","","","","2025","R015","FUT_GRANT","EPSG:4326","Savoy_Analyse de la gouvernance de la multifonctionnalité.pdf PDF 110,112,113","客体是权益或给付，不把付款方／受款方办公地点当作其坐标。；接收方、期限、额度均未确定。","待审理"
"N10_E038","N10","未来地方造雪／消防保留水量","拟议用水权","2039","非地物客体","地方造雪／消防等预留用水设想","proposal","year","","","","2025","R015","FUT_RESERVE","EPSG:4326","Savoy_Analyse de la gouvernance de la multifonctionnalité.pdf PDF 110,112,113","客体是权益或给付，不把付款方／受款方办公地点当作其坐标。","待审理"
"N11_E051","N11","Bornet既有及剩余权利","未细分权利","1951","非地物客体","Bornet权利转让并换取电力给付","documented","year","","","","2025","R023","","EPSG:4326","Savoy_Analyse de la gouvernance de la multifonctionnalité.pdf PDF 36","客体是权益或给付，不把付款方／受款方办公地点当作其坐标。","待审理"
"N11_E052","N11","Bornet既有及剩余权利","未细分权利","1971","非地物客体","后继权利人向EOS转让剩余权利","documented","year","","","","2025","R023","","EPSG:4326","Savoy_Analyse de la gouvernance de la multifonctionnalité.pdf PDF 36","客体是权益或给付，不把付款方／受款方办公地点当作其坐标。","待审理"
"N12_E051","N12","Bornet权利转让对价电力","电力给付","1951","非地物客体","Bornet权利转让并换取电力给付","documented","year","","","","2025","R023","","EPSG:4326","Savoy_Analyse de la gouvernance de la multifonctionnalité.pdf PDF 36","客体是权益或给付，不把付款方／受款方办公地点当作其坐标。","待审理"
"N13_E054","N13","EOS对FMM的Saxon替代供水补偿","给付义务","1963","非地物客体","EOS与FMM替代供水及补偿协议","documented","month","1963-10","","","2025","R024","","EPSG:4326","Savoy_Analyse de la gouvernance de la multifonctionnalité.pdf PDF 46,36","客体是权益或给付，不把付款方／受款方办公地点当作其坐标。","待审理"
"N14_E063","N14","Cleuson-Dixence撤诉与保护补偿义务","程序／补偿义务","1992","非地物客体","WWF撤诉及保护补偿三方协议","documented","year","","","","2025","R028","","EPSG:4326","Savoy_Analyse de la gouvernance de la multifonctionnalité.pdf PDF 37","客体是权益或给付，不把付款方／受款方办公地点当作其坐标。","待审理"
"N15_E065","N15","Bouillets水源接管及连接费用偿还","金钱给付","1990","非地物客体","水源保障及条件出售／费用偿还三方协议","documented","day","1990-05-18","","","2025","R029","","EPSG:4326","Savoy_Analyse de la gouvernance de la multifonctionnalité.pdf PDF 47,48","客体是权益或给付，不把付款方／受款方办公地点当作其坐标。；实际出售完成日期未据此推定。","待审理"
"N16_E067","N16","Nendaz购水及公共费用安排","金钱／税费义务","2000","非地物客体","市镇储水、备用购水及费用协议","documented","day","2000-09-08","","","2025","R030","","EPSG:4326","Savoy_Analyse de la gouvernance de la multifonctionnalité.pdf PDF 41,42","客体是权益或给付，不把付款方／受款方办公地点当作其坐标。","待审理"
"N16_E068","N16","Nendaz购水及公共费用安排","金钱／税费义务","2013","非地物客体","供水协议续期","documented","year","","","","2025","R030","","EPSG:4326","Savoy_Analyse de la gouvernance de la multifonctionnalité.pdf PDF 41,42","客体是权益或给付，不把付款方／受款方办公地点当作其坐标。","待审理"
"N17_E069","N17","NVRM经市镇支付的造雪水费","金钱给付","2000","非地物客体","市镇工业用水／造雪供水框架协议","documented","year","","","","2025","R031","","EPSG:4326","Savoy_Analyse de la gouvernance de la multifonctionnalité.pdf PDF 43","客体是权益或给付，不把付款方／受款方办公地点当作其坐标。；框架日期不能代替市镇与NVRM之间安排的具体日期。","待审理"
"N17_E070","N17","NVRM经市镇支付的造雪水费","金钱给付","","非地物客体","NVRM经市镇付款的具体安排","documented","unknown","","","","2025","R031","","EPSG:4326","Savoy_Analyse de la gouvernance de la multifonctionnalité.pdf PDF 43","客体是权益或给付，不把付款方／受款方办公地点当作其坐标。；是否书面合同在访谈中有分歧。","待审理"
"N18_E080","N18","Hongrin锯木厂补偿能源","电力给付","1961","非地物客体","锯木厂能源补偿合同","documented","year","","","","2025","R035","","EPSG:4326","Savoy_Analyse de la gouvernance de la multifonctionnalité.pdf PDF 67","客体是权益或给付，不把付款方／受款方办公地点当作其坐标。","待审理"
"N19_E081","N19","Hongrin年度鱼类配额或等值现金","可移动实物／金钱给付","1963","非地物客体","授权中规定年度鱼类增殖补偿","documented","year","","","","2025","R036","","EPSG:4326","Savoy_Analyse de la gouvernance de la multifonctionnalité.pdf PDF 67","客体是权益或给付，不把付款方／受款方办公地点当作其坐标。","待审理"
"N19_E082","N19","Hongrin年度鱼类配额或等值现金","可移动实物／金钱给付","1981","非地物客体","鱼类实物配额或等值现金协议","documented","year","","","","2025","R036","","EPSG:4326","Savoy_Analyse de la gouvernance de la multifonctionnalité.pdf PDF 67","客体是权益或给付，不把付款方／受款方办公地点当作其坐标。","待审理"
"N20_E117","N20","未来FMV股权／股东身份","未定股权","","非地物客体","FMV被描述为未来股东","future","unknown","","","","2026","","FMV_future","EPSG:4326","EV14","客体是权益或给付，不把付款方／受款方办公地点当作其坐标。","待审理"
"N21_E116","N21","FMV回归准备专业支持","服务／支持关系","","非地物客体","FMV提供回归准备专业支持的记载","documented","observation_not_change","","","","2026","","FMV_support","EPSG:4326","EV14","客体是权益或给付，不把付款方／受款方办公地点当作其坐标。","待审理"
"N22_E115","N22","Gougra年度水力费","金钱给付","","非地物客体","上段年度水力费义务","documented","unknown","","","","","","U_fees","EPSG:4326","EV11","客体是权益或给付，不把付款方／受款方办公地点当作其坐标。；具体设立或变更年未披露。","待审理"
"N23_E118","N23","下段工程51%参与权益","工程参与权益","2004","非地物客体","研究报告所述下段51%参与时点","source_conflict","year","","","","2025","","LOWER51old","EPSG:4326","EV03","客体是权益或给付，不把付款方／受款方办公地点当作其坐标。","待审理"
"N23_E119","N23","下段工程51%参与权益","工程参与权益","2039","非地物客体","官方访谈所述下段51%参与时点","future","year","","","","2026","","LOWER51new","EPSG:4326","EV13","客体是权益或给付，不把付款方／受款方办公地点当作其坐标。","待审理"
"N24_E120","N24","下段公共方取得FMG公司10%股权","公司股权","2004","非地物客体","研究报告所述公共方取得FMG公司股权","documented","year","","","","2025","","LOWER10","EPSG:4326","EV03","客体是权益或给付，不把付款方／受款方办公地点当作其坐标。","待审理"
"N42_E090","N42","免费保留水量、追加取水及能源成本补偿","模板／制度客体","","无具体地物实例","通用条款／制度说明，无已识别个案变更年","documented","not_applicable","","","","2025","R042","","EPSG:4326","Kanton Wallis_Wasserrechtskonzession.pdf PDF 4,5","模板水量、位置待填，不能生成真实concession地物。","待审理"
"N43_E091","N43","待授水力利用权、首次费与年度水力费","模板／制度客体","","无具体地物实例","通用条款／制度说明，无已识别个案变更年","documented","not_applicable","","","","2025","R043","","EPSG:4326","Kanton Wallis_Wasserrechtskonzession.pdf PDF 6,7","通用授权条款；无具体河段、设施或成交授权。","待审理"
"N44_E092","N44","湿式／干式设施回归及合理补偿","模板／制度客体","","无具体地物实例","通用条款／制度说明，无已识别个案变更年","documented","not_applicable","","","","2025","R044","","EPSG:4326","Kanton Wallis_Wasserrechtskonzession.pdf PDF 8,9","资产类别存在于模板概念中，个案资产未填。","待审理"
"N45_E093","N45","权利负担清理、维护履行及补偿款留置","模板／制度客体","","无具体地物实例","通用条款／制度说明，无已识别个案变更年","documented","not_applicable","","","","2025","R045","","EPSG:4326","Kanton Wallis_Wasserrechtskonzession.pdf PDF 9,10","不是已识别宗地上的负担；未做维护金额为待计算客体。","待审理"
"N46_E094","N46","回购权、股份、利润、董事席位与优先购买权","模板／制度客体","","无具体地物实例","通用条款／制度说明，无已识别个案变更年","documented","not_applicable","","","","2025","R046","","EPSG:4326","Kanton Wallis_Wasserrechtskonzession.pdf PDF 8,12","公司治理和财产权益；无具体公司或资产可匹配。","待审理"
"N47_E095","N47","第三方取水权、消灭后的权利归属、特许权转让审批","模板／制度客体","","无具体地物实例","通用条款／制度说明，无已识别个案变更年","documented","not_applicable","","","","2025","R047","","EPSG:4326","Kanton Wallis_Wasserrechtskonzession.pdf PDF 6,13","权利规则，非已发生转让；无指定水体。","待审理"
"N48_E096","N48","共有牧场／灌溉体系中的使用份额、继承和买卖资格","模板／制度客体","","无具体地物实例","通用条款／制度说明，无已识别个案变更年","documented","not_applicable","","","","","R048","","EPSG:4326","Louvin and Calvo_Les Communs Fonciers dans Lespace Alpin.pdf PDF 24","牧场和灌渠只是地物类型，未列可逐一对应的真实个案。","待审理"
"N50_E098","N50","传统bisses轮灌资格、按土地分配的水权、水费和维护义务","制度／理论客体","","无具体地物实例","制度／理论记录，未识别个案权利变更","documented","not_applicable","","","","1946","R050","","EPSG:4326","Stevensson_The ""bisses"" of Valais.pdf PDF 3","这条摘录是一般制度说明，不能自动对应任一具体bisse。","待审理"
"N51_E099","N51","有期限水力利用权、年度授权费及涉水设施回归请求权","制度／理论客体","","无具体地物实例","制度／理论记录，未识别个案权利变更","documented","not_applicable","","","","2023","R051","","EPSG:4326","Flaminio and Reynard_Multipurpose Use of Hydropower Reservoirs.pdf PDF 5","瑞士制度概述，不是新的一份concession；不据此增加地物或个案计数。","待审理"
"N52_E100","N52","景观使用价值、文化身份、存在／内在价值及保护利益","制度／理论客体","","无具体地物实例","制度／理论记录，未识别个案权利变更","documented","not_applicable","","","","2017","R052","","EPSG:4326","Gerber and Hess_From landscape resources to landscape commons.pdf PDF 19","理论对象，未识别具体景观或已成交交换。","待审理"
"U01_E004","U01","Vissoie–Niouc隧洞18号取水窗口","取水口","1912","实物存在或被记载，坐标尚未核定","公证灌溉取水安排","documented","year","","","","2025","R002","","EPSG:4326","Savoy_Analyse de la gouvernance de la multifonctionnalité.pdf PDF 101,100","未取得窗口本体坐标；不以Niouc村或灌渠点代替。","待审理"
"U01_E005","U01","Vissoie–Niouc隧洞18号取水窗口","取水口","1979","实物存在或被记载，坐标尚未核定","灌溉权流量及季节修改","documented","year","","","","2025","R002","","EPSG:4326","Savoy_Analyse de la gouvernance de la multifonctionnalité.pdf PDF 101,100","未取得窗口本体坐标；不以Niouc村或灌渠点代替。","待审理"
"U01_E001","U01","Vissoie–Niouc隧洞18号取水窗口","取水口","2004","实物存在或被记载，坐标尚未核定","Niouc灌溉保留配额纳入下段授权","documented","year","","","","2025","R001","N2004","EPSG:4326","Savoy_Analyse de la gouvernance de la multifonctionnalité.pdf PDF 100,95","未取得窗口本体坐标；不以Niouc村或灌渠点代替。","待审理"
"U01_E006","U01","Vissoie–Niouc隧洞18号取水窗口","取水口","2004","实物存在或被记载，坐标尚未核定","原灌溉额度纳入下段授权","documented","year","","","","2025","R002","B2004","EPSG:4326","Savoy_Analyse de la gouvernance de la multifonctionnalité.pdf PDF 101,100","未取得窗口本体坐标；不以Niouc村或灌渠点代替。","待审理"
"U01_E002","U01","Vissoie–Niouc隧洞18号取水窗口","取水口","2009","实物存在或被记载，坐标尚未核定","下段授权的州核准","documented","day","2009-01-28","","","2025","R001","","EPSG:4326","Savoy_Analyse de la gouvernance de la multifonctionnalité.pdf PDF 100,95","未取得窗口本体坐标；不以Niouc村或灌渠点代替。；核准与授权起点分开。","待审理"
"U01_E007","U01","Vissoie–Niouc隧洞18号取水窗口","取水口","2017","实物存在或被记载，坐标尚未核定","灌溉权争议和解并重定供水额度","documented","day","2017-06-13","","","2025","R002","B2017;Bsettle","EPSG:4326","Savoy_Analyse de la gouvernance de la multifonctionnalité.pdf PDF 101,100；Savoy PDF81","未取得窗口本体坐标；不以Niouc村或灌渠点代替。；旧Sarrasins渠仅为争议关联对象。","待审理"
"U02_E008","U02","Vuibiesse取水设施","取水口","2018","实物存在或被记载，坐标尚未核定","Roux免费供水额度及超额付费协议","documented","year","","","","2025","R003","W_roux;DIST_roux;W_excess","EPSG:4326","Savoy_Analyse de la gouvernance de la multifonctionnalité.pdf PDF 101；Savoy PDF81–82；https://bisses-valais.ch/bisses/bisse-de-lacher-roux/","Narèt de Vuibiesse泉与瀑布名称不能证明同一设施。","待审理"
"U02_E009","U02","Vuibiesse取水设施","取水口","2018","实物存在或被记载，坐标尚未核定","St-Luc免费供水额度及超额付费协议","documented","year","","","","2025","R004","W_grand_st_luc;DIST_grand_st_luc;W_excess","EPSG:4326","Savoy_Analyse de la gouvernance de la multifonctionnalité.pdf PDF 101；Savoy PDF81–82","Narèt de Vuibiesse泉与瀑布名称不能证明同一设施。","待审理"
"U03_E016","U03","Tsarmette造雪泵站","泵站","2006","实物存在或被记载，坐标尚未核定","Zinal造雪有偿供水协议","documented","year","","","","2025","R009","SN_zinal_lifts;PAY_zinal_lifts","EPSG:4326","Savoy_Analyse de la gouvernance de la multifonctionnalité.pdf PDF 102,103","同名地名散布不同市镇；未找到可确认的泵站设施点。","待审理"
"U04_E016","U04","Tsarmette调压井","调压井","2006","实物存在或被记载，坐标尚未核定","Zinal造雪有偿供水协议","documented","year","","","","2025","R009","SN_zinal_lifts;PAY_zinal_lifts","EPSG:4326","Savoy_Analyse de la gouvernance de la multifonctionnalité.pdf PDF 102,103","与泵站关联但不预设两者坐标完全相同。","待审理"
"U05_E048","U05","Nava取水设施","取水口","2017","实物存在或被记载，坐标尚未核定","Nava私人非饮用水接管协议","documented","year","","","","2025","R021","","EPSG:4326","Savoy_Analyse de la gouvernance de la multifonctionnalité.pdf PDF 95,96","已找到Torrent de Nava；取水设施本体坐标未核定。","待审理"
"U05_E049","U05","Nava取水设施","取水口","2018","实物存在或被记载，坐标尚未核定","Grand-Praz废弃物站供水接入协议","documented","year","","","","2025","R021","","EPSG:4326","Savoy_Analyse de la gouvernance de la multifonctionnalité.pdf PDF 95,96","已找到Torrent de Nava；取水设施本体坐标未核定。","待审理"
"U06_E047","U06","Chippis饮用水取水口（Navizence电站下游）","取水口","2014","实物存在或被记载，坐标尚未核定","Chippis饮用水取水协议","documented","year","","","","2025","R021","","EPSG:4326","Savoy_Analyse de la gouvernance de la multifonctionnalité.pdf PDF 95,96","下游取水口不能用电站点代替。","待审理"
"U07_E041","U07","Zinal两座公共喷泉","未具名点对象集合","1959","实物存在或被记载，坐标尚未核定","安装喷泉并移交团体的协议","documented","year","","","","2025","R017","","EPSG:4326","Savoy_Analyse de la gouvernance de la multifonctionnalité.pdf PDF 94","数量为两座；分别名称和位置未知，不能制造两组坐标。","待审理"
"U08_E042","U08","受损私人水源及替代接水点","泉源／接水点","1968","实物存在或被记载，坐标尚未核定","水源受损后的替代供水协议","documented","year","","","","2025","R018","","EPSG:4326","Savoy_Analyse de la gouvernance de la multifonctionnalité.pdf PDF 94","原文只记供水受损，未具名；两处位置均待核。","待审理"
"U09_E064","U09","Source des Bouillets取水设施","泉源／取水设施","1989","实物存在或被记载，坐标尚未核定","州决定要求保障并接通Bouillets水源","documented","day","1989-12-20","","","2025","R029","","EPSG:4326","Savoy_Analyse de la gouvernance de la multifonctionnalité.pdf PDF 47,48","原文确认水源，未取得可确认的设施点。","待审理"
"U09_E065","U09","Source des Bouillets取水设施","泉源／取水设施","1990","实物存在或被记载，坐标尚未核定","水源保障及条件出售／费用偿还三方协议","documented","day","1990-05-18","","","2025","R029","","EPSG:4326","Savoy_Analyse de la gouvernance de la multifonctionnalité.pdf PDF 47,48","原文确认水源，未取得可确认的设施点。；实际出售完成日期未据此推定。","待审理"
"U09_E066","U09","Source des Bouillets取水设施","泉源／取水设施","2031","实物存在或被记载，坐标尚未核定","受访者所述水源使用权终期","future_reported","year","","","","2025","R029","","EPSG:4326","Savoy_Analyse de la gouvernance de la multifonctionnalité.pdf PDF 47,48","原文确认水源，未取得可确认的设施点。；期限来源为访谈，待核合同。","待审理"
"U10_E080","U10","Hongrin能源补偿的锯木厂","房屋／工业设施","1961","实物存在或被记载，坐标尚未核定","锯木厂能源补偿合同","documented","year","","","","2025","R035","","EPSG:4326","Savoy_Analyse de la gouvernance de la multifonctionnalité.pdf PDF 67","工厂未具名；不能直接认定就是L’Etivaz锯木厂。","待审理"
"U11_E049","U11","Grand-Praz废弃物站供水接入点","供水接入点","2018","实物存在或被记载，坐标尚未核定","Grand-Praz废弃物站供水接入协议","documented","year","","","","2025","R021","","EPSG:4326","Savoy_Analyse de la gouvernance de la multifonctionnalité.pdf PDF 95,96","州文件只有废弃物站用地约略位置，不是供水接入点。","待审理"
"U12_E083","U12","Veytaux II地下电站","地下电站","2011","实物存在或被记载，坐标尚未核定","Hongrin-Léman Plus新增设施折旧协议","documented","year","","","","2025","R037","","EPSG:4326","Savoy_Analyse de la gouvernance de la multifonctionnalité.pdf PDF 67","官方水电统计给出Veytaux合并设施点，未据此拆成I、II两个精确点。；涉及拟增建设施；不表示当年已经投运。","待审理"
"U13_E077","U13","Veytaux I地下电站","地下电站","1963","实物存在或被记载，坐标尚未核定","跨州水力及Léman抽水授权","documented","year","","","","2025","R034","","EPSG:4326","Savoy_Analyse de la gouvernance de la multifonctionnalité.pdf PDF 57","合并设施点不证明单个地下厂房位置。；现状设施坐标不表示授权时设施已建。","待审理"
"U13_E078","U13","Veytaux I地下电站","地下电站","1971","实物存在或被记载，坐标尚未核定","资料记载的运行起算／授权期限起点","documented","day","1971-10-01","","","2025","R034","","EPSG:4326","Savoy_Analyse de la gouvernance de la multifonctionnalité.pdf PDF 57；Savoy PDF58","合并设施点不证明单个地下厂房位置。；仅采用研究对特许期限起算的口径，不替换设备投运统计。","待审理"
"U13_E079","U13","Veytaux I地下电站","地下电站","2051","实物存在或被记载，坐标尚未核定","资料记载的授权终期","future","month","2051-09","","","2025","R034","","EPSG:4326","Savoy_Analyse de la gouvernance de la multifonctionnalité.pdf PDF 57；Savoy PDF58","合并设施点不证明单个地下厂房位置。","待审理"
"U14_E077","U14","Veytaux的Léman抽水口","取水口","1963","实物存在或被记载，坐标尚未核定","跨州水力及Léman抽水授权","documented","year","","","","2025","R034","","EPSG:4326","Savoy_Analyse de la gouvernance de la multifonctionnalité.pdf PDF 57","湖泊和合并电站点均不能代替抽水口。；现状设施坐标不表示授权时设施已建。","待审理"
"U14_E078","U14","Veytaux的Léman抽水口","取水口","1971","实物存在或被记载，坐标尚未核定","资料记载的运行起算／授权期限起点","documented","day","1971-10-01","","","2025","R034","","EPSG:4326","Savoy_Analyse de la gouvernance de la multifonctionnalité.pdf PDF 57；Savoy PDF58","湖泊和合并电站点均不能代替抽水口。；仅采用研究对特许期限起算的口径，不替换设备投运统计。","待审理"
"U14_E079","U14","Veytaux的Léman抽水口","取水口","2051","实物存在或被记载，坐标尚未核定","资料记载的授权终期","future","month","2051-09","","","2025","R034","","EPSG:4326","Savoy_Analyse de la gouvernance de la multifonctionnalité.pdf PDF 57；Savoy PDF58","湖泊和合并电站点均不能代替抽水口。","待审理"
"U15_E043","U15","Bisse de Ricard取水口","取水口","2003","实物存在或被记载，坐标尚未核定","Ricard设施产权与流量协议","documented","year","","","","2025","R019","","EPSG:4326","Savoy_Analyse de la gouvernance de la multifonctionnalité.pdf PDF 94","约略高程及峡谷位置不足以确认设施坐标。","待审理"
"U16_E044","U16","Bisse de Granges取水口","取水口","1902","实物存在或被记载，坐标尚未核定","Granges初始设施协议","documented","year","","","","2025","R019","","EPSG:4326","Savoy_Analyse de la gouvernance de la multifonctionnalité.pdf PDF 94","材料只指Chippis平原供水段。","待审理"
"U16_E045","U16","Bisse de Granges取水口","取水口","2004","实物存在或被记载，坐标尚未核定","Granges设施产权与维护新协议","documented","year","","","","2025","R019","","EPSG:4326","Savoy_Analyse de la gouvernance de la multifonctionnalité.pdf PDF 94","材料只指Chippis平原供水段。","待审理"
"U17_E020","U17","Moiry湖皮划艇告示牌","未具名点对象集合","2022","实物存在或被记载，坐标尚未核定","皮划艇活动规则与安全责任安排","documented","day","2022-06-24","","","2025","R010","","EPSG:4326","Savoy_Analyse de la gouvernance de la multifonctionnalité.pdf PDF 103,104","告示牌数量与逐牌坐标未列。","待审理"
