id,date_start,date_end,date_precision,title,status,note_zh
E1943,1943,,year,Gougra grants to private holders,documented,
E1951,1951,1952,year,Tourtemagne grants to Isotherme,documented,
E1953,1953,,year,Assignment from Isotherme to FMG,documented,
E1959,1959,,year,Upper-stage concession term,documented,来源另有1950—1957年分项授权口径；1959为官方公告及新闻所述上段期限起点。
E2004,2004,,year,Lower-stage concession renewal,documented,
E2009,2009-01-28,,day,Approval of the 2004 concession,documented,
E2006,2006,,year,Zinal snowmaking agreement,documented,
E2007,2007,,year,Grimentz snowmaking agreement,documented,
E2008,2008-03-18,,day,Niouc irrigation settlement,documented,
E2017,2017-06-13,,day,Briey irrigation settlement,documented,
E2018,2018,,year,Bisse Roux and St-Luc agreements,documented,
E2022,2022,,year,Upper-stage compensation agreement,documented,12月大会批准；精确签约日未核实。
E2025,2025-05-26,,day,Published FMG shareholding observation,documented,
E2026,2026-03-16,,day,Official update on the 2039 return,documented,
E2039,2039,,year,Scheduled upper-stage concession expiry,future,
E2084,2084,,year,Scheduled lower-stage concession expiry,future,
