id,source_id,pdf_pages,printed_pages,original_excerpt,summary_zh
EV01,S,77-78,76-77,La société Isotherme SA transfère en 1953 ses diverses concessions à la société des Forces motrices de la Gougra.,1943年Grimentz/Ayer授予两名私人，之后转Isotherme；Oberems1951、Ergisch/Turtmann1952授予Isotherme；1953转FMG。
EV02,S,78,77,Ces concessions arriveront à échéance en 2039.,上段2039年、下段2004年续至2084年；历史授权不可按现有市镇名称回填。
EV03,S,83-84,82-83,devenant partenaires à 51% de l’aménagement du palier inférieur jusqu’en 2084.,研究报告将下段51%参与与2004年回归联系；另记三市镇获得10%公司股本。与2026年来源的时间口径有差异。
EV04,S,100,99,Ils s’accordent ainsi sur le paiement d’un montant forfaitaire par les FMG pour le développement du réseau d’irrigation par aspersion,2004年Niouc配额120 L/s；2008-03-18以削减超过50%换FMG定额设施资助。金额未披露。
EV05,S,100-101,99-100,"Cette convention fixe les débits pour le bisse de Briey à 45 l/s, avec possibilité de les augmenter sur demande jusqu’à 70 l/s en cas de sécheresse exceptionnelle.",1979及2004年70 L/s；2017-06-13和解通常45，特殊干旱可请求最高70。
EV06,S,101,100,"Bisse Roux : prélèvement maximal de 50 litres par seconde, pour un volume annuel maximal de 120'000 m³ utilisable entre le 1er mai et le 30 septembre.",2018年Roux年额120000 m³、St-Luc32000 m³；各最高50 L/s；5月1日至9月30日；超额按未生产kWh价值购水。摘录统一了原PDF的换行和上标。
EV07,S,102-103,101-102,vous devez d’abord avoir le OK de la commune.,2006及2007造雪供水协议；需要市镇同意；水能特许权不等于任意用途售水权。
EV08,S,111,110,"Nous, on a à peu près 55% de la force.",Anniviers受访者称拥有约55%的水力，不能当成FMG持股超过50%。
EV09,S,112-113,111-112,c’est nous qui négocions le prix de l’eau à facturer aux remontées mécaniques,有关2039造雪、消防预留水量及定价的访谈设想；不是已授配额。
EV10,B,3-5,3-5,"Aujourd’hui, cette convention stipule uniquement le prix à payer",新闻记载1500万总额（干式1400万、现代化100万）；未来授权另作决定；湿式设施免费回归。
EV11,C,12-14,12-14,Anniviers : 55.4% ; 15.05 millions de francs,两处短摘录以分号分隔：上段Anniviers55.4%；2022年协议1505万；其余公共份额及年度费用见同页段。
EV12,A,,,Alpiq 54%,2025年公告股权：Alpiq54、Rhonewerke27.5、Anniviers7.71、Sierre7.5、Chippis1.79、Chalais0.5、Oiken1.0。
EV13,F,,,"les trois communes concédantes Anniviers, Chalais et Chippis prendront 51% du palier inférieur.",在2039年到期的语境下称三市镇将接收下段51%；与研究报告时间表述不同。
EV14,F,,,une mise à jour annuelle de la valeur de la partie sèche,回归协议有年度干式资产估值更新；FMV被称作未来股东，不构成其已取得新concession的证据。
