id,relation_id,measure,value,unit,operator,denominator,qualifier_zh,evidence_id
Q_term,L_grant,term,80,year,eq,,,EV02
Q_fee,U_fees,annual_fee,,CHF/year,unknown,,,EV11
QG_anniviers,G_anniviers,granted_hydraulic_force_share,55.4,percent,eq,upper_Gougra_total_granted_hydraulic_force,,EV11
QG_ergisch,G_ergisch,granted_hydraulic_force_share,18.1,percent,eq,upper_Gougra_total_granted_hydraulic_force,,EV11
QG_turtmann_unterems,G_turtmann_unterems,granted_hydraulic_force_share,11.9,percent,eq,upper_Gougra_total_granted_hydraulic_force,,EV11
QG_oberems,G_oberems,granted_hydraulic_force_share,9.4,percent,eq,upper_Gougra_total_granted_hydraulic_force,,EV11
QG_valais,G_valais,granted_hydraulic_force_share,2.4,percent,eq,upper_Gougra_total_granted_hydraulic_force,,EV11
QG_chippis,G_chippis,granted_hydraulic_force_share,2.2,percent,eq,upper_Gougra_total_granted_hydraulic_force,,EV11
QG_chalais,G_chalais,granted_hydraulic_force_share,0.6,percent,eq,upper_Gougra_total_granted_hydraulic_force,,EV11
QE_alpiq,EQ_alpiq,equity_share,54,percent,eq,FMG_total_share_capital,,EV12
QE_rhonewerke,EQ_rhonewerke,equity_share,27.5,percent,eq,FMG_total_share_capital,,EV12
QE_anniviers,EQ_anniviers,equity_share,7.71,percent,eq,FMG_total_share_capital,,EV12
QE_sierre,EQ_sierre,equity_share,7.5,percent,eq,FMG_total_share_capital,,EV12
QE_chippis,EQ_chippis,equity_share,1.79,percent,eq,FMG_total_share_capital,,EV12
QE_chalais,EQ_chalais,equity_share,0.5,percent,eq,FMG_total_share_capital,,EV12
QE_oiken,EQ_oiken,equity_share,1,percent,eq,FMG_total_share_capital,,EV12
QN120,N2004,concession_flow,120,L/s,eq,,,EV04
QNcut,N2008,allocation_reduction,50,percent,gt,previous_120_L_per_s,,EV04
QNfund,Nfund,lump_sum,,CHF,unknown,,,EV04
QB70,B2004,ordinary_flow,70,L/s,eq,,,EV05
QB45,B2017,ordinary_flow,45,L/s,eq,,,EV05
QBdrought,B2017,exceptional_drought_flow,70,L/s,lte,,须请求；不是全年常规额度,EV05
QV_roux,W_roux,annual_volume,120000,m3/year,lte,,,EV06
QF_roux,W_roux,flow,50,L/s,lte,,每年05-01至09-30,EV06
QV_grand_st_luc,W_grand_st_luc,annual_volume,32000,m3/year,lte,,,EV06
QF_grand_st_luc,W_grand_st_luc,flow,50,L/s,lte,,每年05-01至09-30,EV06
QS_zinal_lifts,SN_zinal_lifts,volume,,m3,unknown,,,EV07
QS_grimentz_lifts,SN_grimentz_lifts,volume,,m3,unknown,,,EV07
QCofficial,VAL22,agreed_2022_compensation,15050000,CHF,eq,,官方报告金额；覆盖约定资产及项目范围，存在更新机制,EV11
QCpress,VAL22,reported_rounded_compensation,15000000,CHF,eq,,新闻口径；与官方金额是并列证据，不相加,EV10
QCpressdry,VAL22,reported_dry_asset_component,14000000,CHF,eq,,新闻分项；属于报道总额，不能另加,EV10
QCpressmodern,VAL22,reported_modernization_component,1000000,CHF,eq,,新闻分项；属于报道总额，不能另加,EV10
QWet,RETURN39,wet_asset_return_price,0,CHF,eq,,,EV10
QL51old,LOWER51old,stage_participation,51,percent,eq,lower_Navizence_stage,,EV03
QL51new,LOWER51new,stage_participation,51,percent,eq,lower_Navizence_stage,,EV13
QL10,LOWER10,equity_received,10,percent,eq,FMG_total_share_capital,,EV03
