id,relation_id,evidence_id
H43_grimentz_EV01,H43_grimentz,EV01
H43_ayer_EV01,H43_ayer,EV01
H_private_EV01,H_private,EV01
H_oberems_EV01,H_oberems,EV01
H_ergisch_EV01,H_ergisch,EV01
H_turtmann_EV01,H_turtmann,EV01
H53_EV01,H53,EV01
U_grant_EV02,U_grant,EV02
U_grant_EV11,U_grant,EV11
L_grant_EV02,L_grant,EV02
U_fees_EV11,U_fees,EV11
G_anniviers_EV11,G_anniviers,EV11
G_ergisch_EV11,G_ergisch,EV11
G_turtmann_unterems_EV11,G_turtmann_unterems,EV11
G_oberems_EV11,G_oberems,EV11
G_valais_EV11,G_valais,EV11
G_chippis_EV11,G_chippis,EV11
G_chalais_EV11,G_chalais,EV11
EQ_alpiq_EV12,EQ_alpiq,EV12
EQ_rhonewerke_EV12,EQ_rhonewerke,EV12
EQ_anniviers_EV12,EQ_anniviers,EV12
EQ_sierre_EV12,EQ_sierre,EV12
EQ_chippis_EV12,EQ_chippis,EV12
EQ_chalais_EV12,EQ_chalais,EV12
EQ_oiken_EV12,EQ_oiken,EV12
N2004_EV04,N2004,EV04
N2008_EV04,N2008,EV04
Nfund_EV04,Nfund,EV04
B2004_EV05,B2004,EV05
B2017_EV05,B2017,EV05
Bsettle_EV05,Bsettle,EV05
W_roux_EV06,W_roux,EV06
DIST_roux_EV06,DIST_roux,EV06
W_grand_st_luc_EV06,W_grand_st_luc,EV06
DIST_grand_st_luc_EV06,DIST_grand_st_luc,EV06
W_excess_EV06,W_excess,EV06
SN_zinal_lifts_EV07,SN_zinal_lifts,EV07
PAY_zinal_lifts_EV07,PAY_zinal_lifts,EV07
SN_grimentz_lifts_EV07,SN_grimentz_lifts,EV07
PAY_grimentz_lifts_EV07,PAY_grimentz_lifts,EV07
SN_rmgz_EV07,SN_rmgz,EV07
VAL22_EV10,VAL22,EV10
VAL22_EV11,VAL22,EV11
VAL22_EV14,VAL22,EV14
RETURN39_EV10,RETURN39,EV10
RETURN39_EV14,RETURN39,EV14
FUT_GRANT_EV09,FUT_GRANT,EV09
FUT_GRANT_EV10,FUT_GRANT,EV10
FUT_GRANT_EV14,FUT_GRANT,EV14
FUT_RESERVE_EV09,FUT_RESERVE,EV09
FMV_support_EV14,FMV_support,EV14
FMV_future_EV14,FMV_future,EV14
LOWER51old_EV03,LOWER51old,EV03
LOWER51new_EV13,LOWER51new,EV13
LOWER10_EV03,LOWER10,EV03
L2084_EV02,L2084,EV02
