id,subject_id,predicate,object_id,scope,event_id,valid_from,valid_to,status,evidence_level,note_zh
H43_grimentz,grimentz,grants_concession_to,private_1943,Gougra,E1943,1943,,documented,source_statement,
H43_ayer,ayer,grants_concession_to,private_1943,Gougra,E1943,1943,,documented,source_statement,
H_private,private_1943,assigns_concession_to,isotherme,Gougra,,,,documented,source_statement,日期未披露；在1943授权之后及1953转让之前。
H_oberems,oberems,grants_concession_to,isotherme,Turtmaenna,E1951,1951,,documented,source_statement,
H_ergisch,ergisch,grants_concession_to,isotherme,Turtmaenna,E1951,1952,,documented,source_statement,
H_turtmann,turtmann,grants_concession_to,isotherme,Turtmaenna,E1951,1952,,documented,source_statement,
H53,isotherme,assigns_concession_to,fmg,multiple_historical_concessions,E1953,1953,,documented,source_statement,价格和权利总量未披露。
U_grant,upper_grantors,grants_concession_to,fmg,upper_Gougra,E1959,1959,2039,documented,source_statement,
L_grant,lower_grantors,grants_concession_to,fmg,lower_Navizence,E2004,2004,2084,documented,source_statement,2009-01-28核准；该关系不裁定州是否也是直接授予人。
U_fees,fmg,pays_annual_water_fee_to,upper_grantors,upper_Gougra,,,,documented,source_statement,金额未披露；与公司分红、售电收益分开。
G_anniviers,anniviers,holds_granting_share_in,upper_grantors,upper_Gougra,,,,documented,source_statement,2022官方分配表；当前结构沿用已知最新该类数据，未声称2026重新测量。
G_ergisch,ergisch,holds_granting_share_in,upper_grantors,upper_Gougra,,,,documented,source_statement,2022官方分配表；当前结构沿用已知最新该类数据，未声称2026重新测量。
G_turtmann_unterems,turtmann_unterems,holds_granting_share_in,upper_grantors,upper_Gougra,,,,documented,source_statement,2022官方分配表；当前结构沿用已知最新该类数据，未声称2026重新测量。
G_oberems,oberems,holds_granting_share_in,upper_grantors,upper_Gougra,,,,documented,source_statement,2022官方分配表；当前结构沿用已知最新该类数据，未声称2026重新测量。
G_valais,valais,holds_granting_share_in,upper_grantors,upper_Gougra,,,,documented,source_statement,2022官方分配表；当前结构沿用已知最新该类数据，未声称2026重新测量。
G_chippis,chippis,holds_granting_share_in,upper_grantors,upper_Gougra,,,,documented,source_statement,2022官方分配表；当前结构沿用已知最新该类数据，未声称2026重新测量。
G_chalais,chalais,holds_granting_share_in,upper_grantors,upper_Gougra,,,,documented,source_statement,2022官方分配表；当前结构沿用已知最新该类数据，未声称2026重新测量。
EQ_alpiq,alpiq,owns_equity_in,fmg,FMG_company,E2025,,,documented,source_statement,2025-05-26观测值；股权不等于水力授予份额。
EQ_rhonewerke,rhonewerke,owns_equity_in,fmg,FMG_company,E2025,,,documented,source_statement,2025-05-26观测值；股权不等于水力授予份额。
EQ_anniviers,anniviers,owns_equity_in,fmg,FMG_company,E2025,,,documented,source_statement,2025-05-26观测值；股权不等于水力授予份额。
EQ_sierre,sierre,owns_equity_in,fmg,FMG_company,E2025,,,documented,source_statement,2025-05-26观测值；股权不等于水力授予份额。
EQ_chippis,chippis,owns_equity_in,fmg,FMG_company,E2025,,,documented,source_statement,2025-05-26观测值；股权不等于水力授予份额。
EQ_chalais,chalais,owns_equity_in,fmg,FMG_company,E2025,,,documented,source_statement,2025-05-26观测值；股权不等于水力授予份额。
EQ_oiken,oiken,owns_equity_in,fmg,FMG_company,E2025,,,documented,source_statement,2025-05-26观测值；股权不等于水力授予份额。
N2004,fmg,owes_reserved_irrigation_supply_to,niouc,lower_Navizence,E2004,2004,,documented,source_statement,2004授权额度；2008协议另降低实际约定量，不写成全部授权条文被正式修改。
N2008,niouc,accepts_reduced_allocation_from,fmg,Niouc_irrigation,E2008,2008-03-18,,documented,source_statement,
Nfund,fmg,funds_irrigation_infrastructure_for,niouc,Niouc_irrigation,E2008,2008-03-18,,documented,source_statement,
B2004,fmg,owes_reserved_irrigation_supply_to,briey,lower_Navizence,E2004,2004,,documented,source_statement,70 L/s可追溯至1979文书；2017年出现后续和解，但旧权利正式消灭日期未确定。
B2017,fmg,agrees_irrigation_supply_to,briey,Briey_irrigation,E2017,2017-06-13,,documented,source_statement,
Bsettle,briey,settles_rights_dispute_with,fmg,Briey_irrigation,E2017,2017-06-13,,documented,source_statement,双方避免不确定诉讼，不推定付款或一切历史权利转让。
W_roux,fmg,agrees_free_supply_with,anniviers,roux,E2018,2018,,documented,source_statement,市镇为协议方；灌渠是用途，不是接收concession的法人。
DIST_roux,anniviers,arranges_irrigation_supply_for,roux,roux,E2018,2018,,documented,analytical_representation,表达协议受益用途，不代表材料证明了独立的二次权利转让。
W_grand_st_luc,fmg,agrees_free_supply_with,anniviers,grand_st_luc,E2018,2018,,documented,source_statement,市镇为协议方；灌渠是用途，不是接收concession的法人。
DIST_grand_st_luc,anniviers,arranges_irrigation_supply_for,grand_st_luc,grand_st_luc,E2018,2018,,documented,analytical_representation,表达协议受益用途，不代表材料证明了独立的二次权利转让。
W_excess,anniviers,pays_excess_water_charge_to,fmg,Roux_and_StLuc,E2018,2018,,documented,source_statement,按未生产kWh的价值计费；单价未披露。
SN_zinal_lifts,fmg,agrees_paid_water_supply_to,zinal_lifts,snowmaking,E2006,2006,,documented,source_statement,市镇须同意用途；供水协议不是水电concession转让。
PAY_zinal_lifts,zinal_lifts,pays_water_charge_to,fmg,snowmaking,E2006,2006,,documented,source_statement,
SN_grimentz_lifts,fmg,agrees_paid_water_supply_to,grimentz_lifts,snowmaking,E2007,2007,,documented,source_statement,市镇须同意用途；供水协议不是水电concession转让。
PAY_grimentz_lifts,grimentz_lifts,pays_water_charge_to,fmg,snowmaking,E2007,2007,,documented,source_statement,
SN_rmgz,fmg,supplies_water_to,rmgz,snowmaking,,,,documented,source_statement,合并后的现状名称；具体合并日期未在此数据集核实。
VAL22,upper_grantors,agrees_future_compensation_to,fmg,upper_Gougra,E2022,2022,,agreed_future_obligation,source_statement,约定2039支付；2022金额不是最终固定结算额。
RETURN39,fmg,returns_assets_to,upper_grantors,upper_Gougra,E2039,2039,,future,source_statement,湿式资产无偿；有偿部分及现代化依协议，不能解释为将旧concession出售给市镇。
FUT_GRANT,upper_grantors,may_grant_new_concession_to,future_operator,upper_Gougra,E2039,2039,,undetermined,source_statement,新主体、期限和配额未证实；不得据FMV未来股东身份填充受让人。
FUT_RESERVE,upper_grantors,may_reserve_local_water_for,anniviers,upper_Gougra,E2039,2039,,proposal,source_statement,造雪、消防等地方用水保留为设想，无已确认数量。
FMV_support,fmv,supports_return_preparation_for,upper_grantors,upper_Gougra,E2026,,,documented,source_statement,
FMV_future,fmv,is_described_as_future_shareholder_of,future_structure,future_operating_structure,E2026,,,future,role_mapping,对象为待定经营结构占位角色；不认定该公司已设立或与未来特许持有人为同一主体；比例未披露。
LOWER51old,lower_grantors,is_reported_as_partner_in,lower_stage,lower_Navizence,E2004,2004,2084,source_conflict,source_statement,研究报告时间口径；不可当作无争议当前值。
LOWER51new,lower_grantors,is_expected_to_take_participation_in,lower_stage,lower_Navizence,E2039,2039,,future,source_statement,2026官方访谈的时间口径；与旧研究并列保存。
LOWER10,lower_grantors,receives_equity_in,fmg,FMG_company,E2004,2004,,documented,source_statement,研究报告记载的10%公司股本；不得与工程51%相加。
L2084,fmg,reaches_concession_expiry_with,lower_grantors,lower_Navizence,E2084,2084,,future,source_statement,到期日期，不表示已决定新经营人或已确定接收全部资产的价格。
