id,snapshot_id,relation_id
T1953_H43_grimentz,T1953,H43_grimentz
T1953_H43_ayer,T1953,H43_ayer
T1953_H_private,T1953,H_private
T1953_H_oberems,T1953,H_oberems
T1953_H_ergisch,T1953,H_ergisch
T1953_H_turtmann,T1953,H_turtmann
T1953_H53,T1953,H53
T2009_L_grant,T2009,L_grant
T2009_N2004,T2009,N2004
T2009_N2008,T2009,N2008
T2009_Nfund,T2009,Nfund
T2009_B2004,T2009,B2004
T2009_LOWER10,T2009,LOWER10
T2009_LOWER51old,T2009,LOWER51old
T2018_U_grant,T2018,U_grant
T2018_L_grant,T2018,L_grant
T2018_B2017,T2018,B2017
T2018_Bsettle,T2018,Bsettle
T2018_W_roux,T2018,W_roux
T2018_W_grand_st_luc,T2018,W_grand_st_luc
T2018_DIST_roux,T2018,DIST_roux
T2018_DIST_grand_st_luc,T2018,DIST_grand_st_luc
T2018_W_excess,T2018,W_excess
T2018_SN_zinal_lifts,T2018,SN_zinal_lifts
T2018_SN_grimentz_lifts,T2018,SN_grimentz_lifts
TCURRENT_G_anniviers,TCURRENT,G_anniviers
TCURRENT_G_ergisch,TCURRENT,G_ergisch
TCURRENT_G_turtmann_unterems,TCURRENT,G_turtmann_unterems
TCURRENT_G_oberems,TCURRENT,G_oberems
TCURRENT_G_valais,TCURRENT,G_valais
TCURRENT_G_chippis,TCURRENT,G_chippis
TCURRENT_G_chalais,TCURRENT,G_chalais
TCURRENT_EQ_alpiq,TCURRENT,EQ_alpiq
TCURRENT_EQ_rhonewerke,TCURRENT,EQ_rhonewerke
TCURRENT_EQ_anniviers,TCURRENT,EQ_anniviers
TCURRENT_EQ_sierre,TCURRENT,EQ_sierre
TCURRENT_EQ_chippis,TCURRENT,EQ_chippis
TCURRENT_EQ_chalais,TCURRENT,EQ_chalais
TCURRENT_EQ_oiken,TCURRENT,EQ_oiken
TCURRENT_U_grant,TCURRENT,U_grant
TCURRENT_L_grant,TCURRENT,L_grant
TCURRENT_B2017,TCURRENT,B2017
TCURRENT_W_roux,TCURRENT,W_roux
TCURRENT_W_grand_st_luc,TCURRENT,W_grand_st_luc
TCURRENT_W_excess,TCURRENT,W_excess
TCURRENT_SN_rmgz,TCURRENT,SN_rmgz
TCURRENT_VAL22,TCURRENT,VAL22
TCURRENT_FMV_support,TCURRENT,FMV_support
T2039_RETURN39,T2039,RETURN39
T2039_VAL22,T2039,VAL22
T2039_FUT_GRANT,T2039,FUT_GRANT
T2039_FUT_RESERVE,T2039,FUT_RESERVE
T2039_FMV_future,T2039,FMV_future
T2039_LOWER51new,T2039,LOWER51new
T2039_L_grant,T2039,L_grant
T2039_L2084,T2039,L2084
