id,author,year,title,container,volume_issue_pages,type,language,topic,doi_url,local_copy,note
R01,"Robert, André",1962,L’aménagement hydro-électrique de la Gougra : les caractéristiques générales de l’aménagement et les ouvrages d’adduction et de dérivation,Schweizerische Bauzeitung,80(15):241–249,journal article,fr,hydropower,https://doi.org/10.5169/seals-66137,yes,
R02,"Stucky, J.-P.",1962,L’aménagement hydro-électrique de la Gougra : le barrage de Moiry,Schweizerische Bauzeitung,80(21),journal article,fr,hydropower,https://doi.org/10.5169/seals-66160,yes,page range not recorded; the master reading list gives pp. 353–392 (unverified)
R03,"Hoeffleur, A.",1962,L’aménagement hydro-électrique de la Gougra : les centrales et leur équipement électro-mécanique,Schweizerische Bauzeitung,80(27):477–483,journal article,fr,hydropower,https://doi.org/10.5169/seals-66184,yes,
R04,"Mottier, Jean-Louis",1959,Die Kraftwerke Gougra,Der Bund (Beilage),no. 267,newspaper article,de,hydropower,,yes,scanned; OCR quality poor
R05,Forces Motrices de la Gougra SA; Alpiq,2014,Un aménagement aux confins des vallées d’Anniviers et de Tourtemagne,FMG/Alpiq brochure,,brochure,fr,hydropower,https://www.visinand.ch/Refuges/Turtmann/2015_07/Gougra_leporello_2014_FR_WEB_tcm116-98658.pdf,yes,copy hosted at visinand.ch
R06,Forces Motrices de la Gougra SA,2026,Rapport de gestion 2025 (73e exercice),"Forces Motrices de la Gougra SA, Sierre",,annual report,fr,hydropower,https://www.alpiq.com/fileadmin/ALPIQ/energy/assets/gougra/fmg_rapport_gestion_2025.pdf,yes,"financial year 2025, published 2026"
R07,Alpiq,2025,Réhabilitation de la centrale de Mottec – Projet RGM,Alpiq brochure,,brochure,fr,hydropower,https://www.alpiq.com/fileadmin/ALPIQ/newsroom/media_releases/2025_media_releases/Alpiq_Brochure-Mottec_210x297_PROD3_DIGITAL.pdf,yes,
R08,Groupement Anniviers Hydro (TELSA SA),2008,Mini-hydraulique en Anniviers – Projet Chippis-Ricard : étude de variantes et avant-projet,OFEN / Forces Motrices de la Gougra SA,,technical report,fr,bisses_irrigation,https://www.aramis.admin.ch/Default?DocumentID=62603&Load=true,yes,
R09,"Flaminio, S.; Reynard, E.",2023,Multipurpose use of hydropower reservoirs: Imaginaries of Swiss reservoirs in the context of climate change and dam relicensing,Water Alternatives,16(2):705–729,journal article,en,hydropower,https://www.water-alternatives.org,yes,
R10,"Savoy, Andréa",2025,"Analyse de la gouvernance de la multifonctionnalité à l’échelle des aménagements hydroélectriques : les cas de Cleuson (Valais), de l’Hongrin-Léman (Vaud) et de la Gougra (Valais)","Multifonctionnalité des infrastructures hydroélectriques alpines, Working paper 6, Université de Lausanne",,working paper,fr,hydropower,,yes,July 2025
R11,Conseil d’État du Canton du Valais,2023,Message concernant la Convention 2022 en vue de l’échéance des concessions Gougra en 2039,Message au Grand Conseil,,government document,fr,concessions,https://parlement.vs.ch,yes,May 2023; includes Convention 2022 and asset inventory annexes
R12,Kanton Wallis (DEWK),2025,Mustervorlage Wasserrechtskonzession,Kanton Wallis,Ausgabe 28.02.2025,template / legal model,de,concessions,,yes,
R13,Tribunal fédéral,2024,"ATF/BGE 150 II 83 (9C_739/2022, arrêt du 5 janvier 2024)",Recueil officiel des arrêts du Tribunal fédéral,150 II 83,court decision,fr,concessions,https://www.bger.ch/ext/eurospider/live/fr/php/clir/http/index.php?highlight_docid=atf://150-II-83:fr&lang=fr&type=show_document,yes,web-only judgment
R14,"Bagnoud, Florent",2022,Val d’Anniviers : on prépare déjà l’échéance de la concession des Forces motrices de la Gougra en 2039,Le Nouvelliste,22 Dec 2022,newspaper article,fr,concessions,https://www.lenouvelliste.ch,yes,paywalled
R15,Commune d’Anniviers,2017,Inventaire des bisses Anniviers,"Commune d’Anniviers, mandat PE/113",,technical report,fr,bisses_irrigation,,yes,"version 2, 29.06.2017"
R16,"Bellwald, Werner",2011,Les cabanes de gardiens de bisses,"Les maisons rurales du Valais, tome 3.2: Forges, foulons et fours à pain; Des bâtiments et une société en transformation. Basel: Société suisse des traditions populaires",pp. 134–139,book chapter,fr,bisses_irrigation,https://toc.library.ethz.ch/objects/pdf_uzh50/3/e03_978-3-905756-99-9_01_000630038.pdf,yes,image-only scan
R17,"Stevenson, Douglas",1946,The “Bisses” of Valais,The Swiss Observer: The Journal of the Federation of Swiss Societies in the UK,"no. 1052, pp. 3905–3906",magazine article,en,bisses_irrigation,https://doi.org/10.5169/seals-691006,yes,
R18,"Gerber, Jean-David; Hess, Gérald",2017,From landscape resources to landscape commons: focussing on the non-utility values of landscape,International Journal of the Commons,11(2):708–732,journal article,en,landscape_commons,https://doi.org/10.18352/ijc.745,yes,
R19,"Reynard, Emmanuel",2025,Les consortages en Valais (Suisse). Une institution de gestion communautaire des ressources naturelles en transition,"In: Louvin, Roberto; Calvo, Roberto (eds.), Les communs fonciers dans l’espace alpin. Napoli: Edizioni Scientifiche Italiane (Ius publicum europaeum, n.s. 13)",pp. 51–73,book chapter,fr,landscape_commons,,yes,"local copy is a 34-page excerpt of the volume, including this chapter"
R20,"Zimmermann, Matthis",1955,"Geologische Untersuchungen in der Zone du Combin im Val de Zinal und Val de Moiry (Les Diablons–Garde de Bordon, Walli)",Eclogae Geologicae Helvetiae,48(1):149–243,journal article,de,geology,https://doi.org/10.5169/seals-161957,yes,
R21,"Viallon, François-Xavier",2021,"Weak Commons Management, Strong Identity: The Case of Val d’Anniviers (Canton Valais)","In: Haller, Tobias; Liechti, Karina; Stuber, Martin; Viallon, François-Xavier; Wunderli, Rahel (eds.), Balancing the Commons in Switzerland: Institutional Transformations and Sustainable Innovations. London: Routledge",pp. 189–233,book chapter,en,landscape_commons,https://doi.org/10.4324/9781003043263,yes,
R22,"Weingartner, Rolf",2021,Fluid: The Changing Alpine Waterscapes,"In: Kissling, Thomas (ed.), Solid, Fluid, Biotic: Changing Alpine Landscapes. Zürich: Lars Müller Publishers",pp. 84–101,book chapter,en,hydrology_climate,https://www.lars-mueller-publishers.com/solid-fluid-biotic,yes,German edition title: Die alpine Wasserlandschaft im Wandel
R23,"Reynard, Emmanuel; Baud, Marinette",2002,"Les consortages d’irrigation par les bisses en Valais (Suisse). Un système de gestion en mutation entre agriculture, tourisme et transformations du paysage","In: Aubriot, Olivier; Jolly, Gilles (eds.), Histoires d’une eau partagée. Provence, Alpes, Pyrénées. Aix-en-Provence: Presses de l’Université de Provence",pp. 187–212,book chapter,fr,bisses_irrigation,,no,
R24,"Flaminio, Silvia; Reynard, Emmanuel",2022,Une généalogie de la multifonctionnalité des barrages-réservoirs en Suisse,"Multifonctionnalité des infrastructures hydroélectriques alpines, Working Paper 1. Lausanne: Université de Lausanne",,working paper,fr,hydropower,,no,
R25,"Stucky, Alfred",1961,Conceptions actuelles dans la construction des barrages-voûtes en Suisse,Schweizerische Bauzeitung,79(22):183–193,journal article,fr,hydropower,,no,
R26,"Epiney, Simon",2023,Les droits de retour des concessions hydroélectriques en Anniviers : le rendez-vous avec l’histoire,Éditions à la carte,,book,fr,concessions,,no,
R27,"Marthaler, Michel; Kramar, Nicolas",2019,Moiry : De l’Europe à l’Afrique. Balade géologique à travers le temps,Collection Découvrir. Lausanne: Éditions Loisirs et pédagogie,,book,fr,geology,,no,
R28,"Bugmann, Erich",1974,St. Luc: Ein Walliser Bergdorf wird Touristenstation,Geographica Helvetica,29(2–3):83–95,journal article,de,tourism,https://doi.org/10.5194/gh-29-83-1974,no,
R29,Sustainable Switzerland / Le Temps,2025,Forêts du Val d’Anniviers : les bûcherons face aux dégâts majeurs causés par les neiges d’avril,"Le Temps, 7 May 2025",,newspaper article,fr,forests,https://www.letemps.ch/suisse/dans-les-forets-valaisannes-devastees-par-les-neiges-d-avril-les-bucherons-travailleront-pendant-des-mois,no,
W01,Commune d’Anniviers / Anniviers Tourisme,,Heritage Trails,,,website,,history,https://www.valdanniviers.ch/en/Z15562/heritage-trails,no,
W02,Bulletin Electrosuisse,,Surélévation des barrages de Moiry et d’Emosson : défis et perspectives. Une réponse aux besoins d’approvisionnement en électricité de la Suisse,,,website,,hydropower,https://www.bulletin.ch/fr/surelevation-des-barrages-de-moiry-et-demosson-defis-et-perspectives,no,
W03,Canton du Valais,,Wasserkraft,,,website,,hydropower,https://www.vs.ch/de/web/energie/forces-hydrauliques,no,
W04,National Research Programme Energy,,How Hydropower in Switzerland Can Survive,,,website,,hydropower,https://nfp-energie.ch/en/projects/umbrella/98/,no,
W05,National Research Programme Energy,,Reservoirs Where Glaciers Once Were?,,,website,,hydropower,https://nfp-energie.ch/en/projects/962/,no,
W06,Association des Bisses du Valais,,Inventaire des bisses valaisans,,,website,,bisses_irrigation,https://bisses-valais.ch/inventaire/,no,also at https://www.localiz.ch/en/choice-of-steps/?id=15568
W07,Association des Bisses du Valais,,Encyclopédie des bisses du Valais,,,website,,bisses_irrigation,https://bisses-encyclo.ch/,no,
P01,Médiathèque Valais,,Archives (search),,,portal,,images,https://archives.memovs.ch/search/,no,
P02,ETH-Bibliothek,,ETH Image Archive,,,portal,,images,https://ba.e-pics.ethz.ch/,no,
P03,WSL,,Historical Photo Archive,,,portal,,images,https://wsl.e-pics.ethz.ch/,no,
P04,FNDH,,Notre Histoire,,,portal,,images,https://notrehistoire.ch/,no,
P05,HEIG-VD,,Smapshot (geolocated images),,,portal,,images,https://smapshot.heig-vd.ch/,no,
P06,swisstopo,,Maps,,,portal,,gis,https://www.swisstopo.admin.ch/en/maps,no,
P07,Swiss Confederation,,map.geo.admin.ch,,,portal,,gis,https://map.geo.admin.ch,no,
P08,Canton du Valais,,Géoservices,,,portal,,gis,https://geo.vs.ch/geoservices,no,
P09,Canton du Valais,,Open data SIT-Valais,,,portal,,gis,https://open-data-sitvalais.hub.arcgis.com/,no,
P10,Canton du Valais,,VSGIS,,,portal,,gis,https://www.vsgis.ch/,no,
P11,Canton du Valais,,Dangers géologiques (map),,,portal,,gis,https://www.arcgis.com/apps/mapviewer/index.html?webmap=c48a89ee8a0a4e249e613119f7da488b,no,
P12,Canton du Valais,,Dangers hydrologiques (map),,,portal,,gis,https://www.arcgis.com/apps/mapviewer/index.html?webmap=a3d6b35e28624caf8438d73f5a7291f5,no,
P13,Canton du Valais,,Dangers avalanches (map),,,portal,,gis,https://www.arcgis.com/apps/mapviewer/index.html?webmap=fffd4cea81fe4e23808c391f65059265,no,
