path,topic,author,year,language,pages,size_mb,citation_note
01_sources/bisses_irrigation/Bellwald_Les cabanes de gardiens de bisses.pdf,bisses_irrigation,Bellwald,2011,fr,6,2.5,"Les maisons rurales du Valais 3.2, pp.134–139"
"01_sources/bisses_irrigation/Stevensson_The ""bisses"" of Valais.pdf",bisses_irrigation,Stevensson,1946,en,3,2.2,"Swiss Observer no.1052, pp.3905–3906 (author: Stevenson)"
01_sources/concessions/Bagnoud_Val d’Anniviers-on prépare déjà l’échéance de la concession des Forces motrices de la Gougra en 2039.pdf,concessions,Bagnoud,2022,fr,9,2.6,"Le Nouvelliste, 2022-12-22 — 2039 concession expiry"
01_sources/concessions/Commune d’Anniviers_Inventaire de Bisses Anniviers.pdf,concessions,Commune d’Anniviers,2017,fr,76,21.5,"Inventaire des bisses, mandat PE/113"
01_sources/concessions/Conseil d’État du Valais_Message concernant la Convention 2022 en vue de l’échéance des concessions Gougra en 2039.pdf,concessions,Conseil d’État du Valais,2023,fr,93,6.8,"Message to the Grand Conseil, May 2023, with Convention 2022 and annexes (asset inventory of intakes, galleries, pumps); parlement.vs.ch"
01_sources/concessions/Kanton Wallis_Wasserrechtskonzession.pdf,concessions,Kanton Wallis,2025,de,21,0.5,"Model water-rights concession, 2025-02-28"
01_sources/geology/Zimmermann_Geologische Untersuchungen.pdf,geology,Zimmermann,1955,de,99,66.9,Eclogae Geol. Helv. 48(1):149–243
01_sources/hydropower/Flaminio and Reynard_Multipurpose Use of Hydropower Reservoirs.pdf,hydropower,Flaminio and Reynard,2023,en,25,0.4,Water Alternatives 16(2):705–729
01_sources/hydropower/Forces Motrices de la Gougra_Un aménagement aux confins des vallées d’Anniviers et de Tourtemagne.pdf,hydropower,Forces Motrices de la Gougra,2014,fr,10,0.4,"FMG/Alpiq leaflet 2014 (gallery capacities, pumps, energy coefficients, 52 % winter); copy hosted at visinand.ch"
01_sources/hydropower/Hoeffleur_L’aménagement hydro-électrique de la Gougra - les centrales.pdf,hydropower,Hoeffleur,1962,fr,10,11.9,Schweiz. Bauzeitung 80(27):477–483 — power stations
01_sources/hydropower/Mottier_Die Kraftwerke Gougra.pdf,hydropower,Mottier,1959,de,4,7.5,Beilage des Bund no.267
01_sources/hydropower/Robert_L’aménagement hydro-électrique de la Gougra.pdf,hydropower,Robert,1962,fr,8,7.2,"Schweiz. Bauzeitung 80(15):241–249 — general layout, adduction"
01_sources/hydropower/Savoy_Analyse de la gouvernance de la multifonctionnalité.pdf,hydropower,Savoy,2025,fr,143,9.9,"UNIL Working Paper 6 — governance of Cleuson, Hongrin-Léman, Gougra"
01_sources/hydropower/Stucky_L’aménagement hydro-électrique de la Gougra - le barrage de Moiry.pdf,hydropower,Stucky,1962,fr,7,5.7,Schweiz. Bauzeitung 80(21) — Moiry dam
01_sources/landscape_commons/Gerber and Hess_From landscape resources to landscape commons.pdf,landscape_commons,Gerber and Hess,2017,en,25,0.2,Int. J. of the Commons 11(2):708–732
01_sources/landscape_commons/Louvin and Calvo_Les Communs Fonciers dans Lespace Alpin.pdf,landscape_commons,Louvin and Calvo,2025,fr,34,1.3,"Les communs fonciers dans l’espace alpin (incl. Reynard, consortages, pp.51–73)"
