relation_id,A,relation,B,arrow,scope,event_id,valid_from,valid_to,status,quantities,evidence_ids,note_zh
H43_grimentz,Commune de Grimentz,grants_concession_to,Two unnamed private holders,Commune de Grimentz → Two unnamed private holders,Gougra,E1943,1943,,documented,,EV01,
H43_ayer,Commune d’Ayer,grants_concession_to,Two unnamed private holders,Commune d’Ayer → Two unnamed private holders,Gougra,E1943,1943,,documented,,EV01,
H_private,Two unnamed private holders,assigns_concession_to,Isotherme SA,Two unnamed private holders → Isotherme SA,Gougra,,,,documented,,EV01,日期未披露；在1943授权之后及1953转让之前。
H_oberems,Commune d’Oberems,grants_concession_to,Isotherme SA,Commune d’Oberems → Isotherme SA,Turtmaenna,E1951,1951,,documented,,EV01,
H_ergisch,Commune d’Ergisch,grants_concession_to,Isotherme SA,Commune d’Ergisch → Isotherme SA,Turtmaenna,E1951,1952,,documented,,EV01,
H_turtmann,Commune de Turtmann,grants_concession_to,Isotherme SA,Commune de Turtmann → Isotherme SA,Turtmaenna,E1951,1952,,documented,,EV01,
H53,Isotherme SA,assigns_concession_to,Forces Motrices de la Gougra SA,Isotherme SA → Forces Motrices de la Gougra SA,multiple_historical_concessions,E1953,1953,,documented,,EV01,价格和权利总量未披露。
U_grant,Upper Gougra public grantors,grants_concession_to,Forces Motrices de la Gougra SA,Upper Gougra public grantors → Forces Motrices de la Gougra SA,upper_Gougra,E1959,1959,2039,documented,,EV02;EV11,
L_grant,Lower Navizence municipal grantors,grants_concession_to,Forces Motrices de la Gougra SA,Lower Navizence municipal grantors → Forces Motrices de la Gougra SA,lower_Navizence,E2004,2004,2084,documented,term: 80 year,EV02,2009-01-28核准；该关系不裁定州是否也是直接授予人。
U_fees,Forces Motrices de la Gougra SA,pays_annual_water_fee_to,Upper Gougra public grantors,Forces Motrices de la Gougra SA → Upper Gougra public grantors,upper_Gougra,,,,documented,annual_fee: unknown CHF/year,EV11,金额未披露；与公司分红、售电收益分开。
G_anniviers,Commune d’Anniviers,holds_granting_share_in,Upper Gougra public grantors,Commune d’Anniviers → Upper Gougra public grantors,upper_Gougra,,,,documented,granted_hydraulic_force_share: 55.4 percent,EV11,2022官方分配表；当前结构沿用已知最新该类数据，未声称2026重新测量。
G_ergisch,Commune d’Ergisch,holds_granting_share_in,Upper Gougra public grantors,Commune d’Ergisch → Upper Gougra public grantors,upper_Gougra,,,,documented,granted_hydraulic_force_share: 18.1 percent,EV11,2022官方分配表；当前结构沿用已知最新该类数据，未声称2026重新测量。
G_turtmann_unterems,Commune de Turtmann-Unterems,holds_granting_share_in,Upper Gougra public grantors,Commune de Turtmann-Unterems → Upper Gougra public grantors,upper_Gougra,,,,documented,granted_hydraulic_force_share: 11.9 percent,EV11,2022官方分配表；当前结构沿用已知最新该类数据，未声称2026重新测量。
G_oberems,Commune d’Oberems,holds_granting_share_in,Upper Gougra public grantors,Commune d’Oberems → Upper Gougra public grantors,upper_Gougra,,,,documented,granted_hydraulic_force_share: 9.4 percent,EV11,2022官方分配表；当前结构沿用已知最新该类数据，未声称2026重新测量。
G_valais,Canton du Valais,holds_granting_share_in,Upper Gougra public grantors,Canton du Valais → Upper Gougra public grantors,upper_Gougra,,,,documented,granted_hydraulic_force_share: 2.4 percent,EV11,2022官方分配表；当前结构沿用已知最新该类数据，未声称2026重新测量。
G_chippis,Commune de Chippis,holds_granting_share_in,Upper Gougra public grantors,Commune de Chippis → Upper Gougra public grantors,upper_Gougra,,,,documented,granted_hydraulic_force_share: 2.2 percent,EV11,2022官方分配表；当前结构沿用已知最新该类数据，未声称2026重新测量。
G_chalais,Commune de Chalais,holds_granting_share_in,Upper Gougra public grantors,Commune de Chalais → Upper Gougra public grantors,upper_Gougra,,,,documented,granted_hydraulic_force_share: 0.6 percent,EV11,2022官方分配表；当前结构沿用已知最新该类数据，未声称2026重新测量。
EQ_alpiq,Alpiq SA,owns_equity_in,Forces Motrices de la Gougra SA,Alpiq SA → Forces Motrices de la Gougra SA,FMG_company,E2025,,,documented,equity_share: 54 percent,EV12,2025-05-26观测值；股权不等于水力授予份额。
EQ_rhonewerke,Rhonewerke AG,owns_equity_in,Forces Motrices de la Gougra SA,Rhonewerke AG → Forces Motrices de la Gougra SA,FMG_company,E2025,,,documented,equity_share: 27.5 percent,EV12,2025-05-26观测值；股权不等于水力授予份额。
EQ_anniviers,Commune d’Anniviers,owns_equity_in,Forces Motrices de la Gougra SA,Commune d’Anniviers → Forces Motrices de la Gougra SA,FMG_company,E2025,,,documented,equity_share: 7.71 percent,EV12,2025-05-26观测值；股权不等于水力授予份额。
EQ_sierre,Commune de Sierre,owns_equity_in,Forces Motrices de la Gougra SA,Commune de Sierre → Forces Motrices de la Gougra SA,FMG_company,E2025,,,documented,equity_share: 7.5 percent,EV12,2025-05-26观测值；股权不等于水力授予份额。
EQ_chippis,Commune de Chippis,owns_equity_in,Forces Motrices de la Gougra SA,Commune de Chippis → Forces Motrices de la Gougra SA,FMG_company,E2025,,,documented,equity_share: 1.79 percent,EV12,2025-05-26观测值；股权不等于水力授予份额。
EQ_chalais,Commune de Chalais,owns_equity_in,Forces Motrices de la Gougra SA,Commune de Chalais → Forces Motrices de la Gougra SA,FMG_company,E2025,,,documented,equity_share: 0.5 percent,EV12,2025-05-26观测值；股权不等于水力授予份额。
EQ_oiken,Oiken,owns_equity_in,Forces Motrices de la Gougra SA,Oiken → Forces Motrices de la Gougra SA,FMG_company,E2025,,,documented,equity_share: 1 percent,EV12,2025-05-26观测值；股权不等于水力授予份额。
N2004,Forces Motrices de la Gougra SA,owes_reserved_irrigation_supply_to,Niouc irrigation consortium,Forces Motrices de la Gougra SA → Niouc irrigation consortium,lower_Navizence,E2004,2004,,documented,concession_flow: 120 L/s,EV04,2004授权额度；2008协议另降低实际约定量，不写成全部授权条文被正式修改。
N2008,Niouc irrigation consortium,accepts_reduced_allocation_from,Forces Motrices de la Gougra SA,Niouc irrigation consortium → Forces Motrices de la Gougra SA,Niouc_irrigation,E2008,2008-03-18,,documented,allocation_reduction: >50 percent,EV04,
Nfund,Forces Motrices de la Gougra SA,funds_irrigation_infrastructure_for,Niouc irrigation consortium,Forces Motrices de la Gougra SA → Niouc irrigation consortium,Niouc_irrigation,E2008,2008-03-18,,documented,lump_sum: unknown CHF,EV04,
B2004,Forces Motrices de la Gougra SA,owes_reserved_irrigation_supply_to,Briey irrigation consortium,Forces Motrices de la Gougra SA → Briey irrigation consortium,lower_Navizence,E2004,2004,,documented,ordinary_flow: 70 L/s,EV05,70 L/s可追溯至1979文书；2017年出现后续和解，但旧权利正式消灭日期未确定。
B2017,Forces Motrices de la Gougra SA,agrees_irrigation_supply_to,Briey irrigation consortium,Forces Motrices de la Gougra SA → Briey irrigation consortium,Briey_irrigation,E2017,2017-06-13,,documented,ordinary_flow: 45 L/s | exceptional_drought_flow: ≤70 L/s,EV05,
Bsettle,Briey irrigation consortium,settles_rights_dispute_with,Forces Motrices de la Gougra SA,Briey irrigation consortium → Forces Motrices de la Gougra SA,Briey_irrigation,E2017,2017-06-13,,documented,,EV05,双方避免不确定诉讼，不推定付款或一切历史权利转让。
W_roux,Forces Motrices de la Gougra SA,agrees_free_supply_with,Commune d’Anniviers,Forces Motrices de la Gougra SA → Commune d’Anniviers,roux,E2018,2018,,documented,annual_volume: ≤120000 m3/year | flow: ≤50 L/s,EV06,市镇为协议方；灌渠是用途，不是接收concession的法人。
DIST_roux,Commune d’Anniviers,arranges_irrigation_supply_for,Bisse Roux,Commune d’Anniviers → Bisse Roux,roux,E2018,2018,,documented,,EV06,表达协议受益用途，不代表材料证明了独立的二次权利转让。
W_grand_st_luc,Forces Motrices de la Gougra SA,agrees_free_supply_with,Commune d’Anniviers,Forces Motrices de la Gougra SA → Commune d’Anniviers,grand_st_luc,E2018,2018,,documented,annual_volume: ≤32000 m3/year | flow: ≤50 L/s,EV06,市镇为协议方；灌渠是用途，不是接收concession的法人。
DIST_grand_st_luc,Commune d’Anniviers,arranges_irrigation_supply_for,Grand bisse de St-Luc,Commune d’Anniviers → Grand bisse de St-Luc,grand_st_luc,E2018,2018,,documented,,EV06,表达协议受益用途，不代表材料证明了独立的二次权利转让。
W_excess,Commune d’Anniviers,pays_excess_water_charge_to,Forces Motrices de la Gougra SA,Commune d’Anniviers → Forces Motrices de la Gougra SA,Roux_and_StLuc,E2018,2018,,documented,,EV06,按未生产kWh的价值计费；单价未披露。
SN_zinal_lifts,Forces Motrices de la Gougra SA,agrees_paid_water_supply_to,Remontées mécaniques de Zinal,Forces Motrices de la Gougra SA → Remontées mécaniques de Zinal,snowmaking,E2006,2006,,documented,volume: unknown m3,EV07,市镇须同意用途；供水协议不是水电concession转让。
PAY_zinal_lifts,Remontées mécaniques de Zinal,pays_water_charge_to,Forces Motrices de la Gougra SA,Remontées mécaniques de Zinal → Forces Motrices de la Gougra SA,snowmaking,E2006,2006,,documented,,EV07,
SN_grimentz_lifts,Forces Motrices de la Gougra SA,agrees_paid_water_supply_to,Remontées mécaniques de Grimentz,Forces Motrices de la Gougra SA → Remontées mécaniques de Grimentz,snowmaking,E2007,2007,,documented,volume: unknown m3,EV07,市镇须同意用途；供水协议不是水电concession转让。
PAY_grimentz_lifts,Remontées mécaniques de Grimentz,pays_water_charge_to,Forces Motrices de la Gougra SA,Remontées mécaniques de Grimentz → Forces Motrices de la Gougra SA,snowmaking,E2007,2007,,documented,,EV07,
SN_rmgz,Forces Motrices de la Gougra SA,supplies_water_to,Remontées mécaniques Grimentz-Zinal,Forces Motrices de la Gougra SA → Remontées mécaniques Grimentz-Zinal,snowmaking,,,,documented,,EV07,合并后的现状名称；具体合并日期未在此数据集核实。
VAL22,Upper Gougra public grantors,agrees_future_compensation_to,Forces Motrices de la Gougra SA,Upper Gougra public grantors → Forces Motrices de la Gougra SA,upper_Gougra,E2022,2022,,agreed_future_obligation,agreed_2022_compensation: 1.505e+07 CHF | reported_rounded_compensation: 1.5e+07 CHF | reported_dry_asset_component: 1.4e+07 CHF | reported_modernization_component: 1e+06 CHF,EV10;EV11;EV14,约定2039支付；2022金额不是最终固定结算额。
RETURN39,Forces Motrices de la Gougra SA,returns_assets_to,Upper Gougra public grantors,Forces Motrices de la Gougra SA → Upper Gougra public grantors,upper_Gougra,E2039,2039,,future,wet_asset_return_price: 0 CHF,EV10;EV14,湿式资产无偿；有偿部分及现代化依协议，不能解释为将旧concession出售给市镇。
FUT_GRANT,Upper Gougra public grantors,may_grant_new_concession_to,Future upper-stage concession holder,Upper Gougra public grantors → Future upper-stage concession holder,upper_Gougra,E2039,2039,,undetermined,,EV09;EV10;EV14,新主体、期限和配额未证实；不得据FMV未来股东身份填充受让人。
FUT_RESERVE,Upper Gougra public grantors,may_reserve_local_water_for,Commune d’Anniviers,Upper Gougra public grantors → Commune d’Anniviers,upper_Gougra,E2039,2039,,proposal,,EV09,造雪、消防等地方用水保留为设想，无已确认数量。
FMV_support,Forces Motrices Valaisannes,supports_return_preparation_for,Upper Gougra public grantors,Forces Motrices Valaisannes → Upper Gougra public grantors,upper_Gougra,E2026,,,documented,,EV14,
FMV_future,Forces Motrices Valaisannes,is_described_as_future_shareholder_of,Future operating structure,Forces Motrices Valaisannes → Future operating structure,future_operating_structure,E2026,,,future,,EV14,对象为待定经营结构占位角色；不认定该公司已设立或与未来特许持有人为同一主体；比例未披露。
LOWER51old,Lower Navizence municipal grantors,is_reported_as_partner_in,Lower Navizence stage,Lower Navizence municipal grantors → Lower Navizence stage,lower_Navizence,E2004,2004,2084,source_conflict,stage_participation: 51 percent,EV03,研究报告时间口径；不可当作无争议当前值。
LOWER51new,Lower Navizence municipal grantors,is_expected_to_take_participation_in,Lower Navizence stage,Lower Navizence municipal grantors → Lower Navizence stage,lower_Navizence,E2039,2039,,future,stage_participation: 51 percent,EV13,2026官方访谈的时间口径；与旧研究并列保存。
LOWER10,Lower Navizence municipal grantors,receives_equity_in,Forces Motrices de la Gougra SA,Lower Navizence municipal grantors → Forces Motrices de la Gougra SA,FMG_company,E2004,2004,,documented,equity_received: 10 percent,EV03,研究报告记载的10%公司股本；不得与工程51%相加。
L2084,Forces Motrices de la Gougra SA,reaches_concession_expiry_with,Lower Navizence municipal grantors,Forces Motrices de la Gougra SA → Lower Navizence municipal grantors,lower_Navizence,E2084,2084,,future,,EV02,到期日期，不表示已决定新经营人或已确定接收全部资产的价格。
