"材料文件","PDF页数","筛选结果","主表记录编号","阅读范围与筛选说明"
"Gerber and Hess_From landscape resources to landscape commons.pdf","25","有相关记录","R052","已检索全文并阅读相关段落；主表区分事件、制度模板与理论背景。"
"Hoeffleur_L’aménagement hydro-électrique de la Gougra - les centrales.pdf","10","未纳入具体记录","无","电站机电技术说明；compensation指调节池等技术概念，未作为补偿谈判命中。"
"Commune d’Anniviers_Inventaire de Bisses Anniviers.pdf","76","未纳入具体记录","无","2017年灌渠清单，以路线、修复与历史介绍为主；未提供足够确定的协商对价，未将历史冲突推断成协议。"
"Stucky_L’aménagement hydro-électrique de la Gougra - le barrage de Moiry.pdf","7","未纳入具体记录","无","Moiry坝体设计施工资料；未定位具体权利交换或让步协议。"
"Bellwald_Les cabanes de gardiens de bisses.pdf","6","有相关记录","R049","6页扫描已逐页查看；1922年收购见第6页；长期Grône/Vercorin水权冲突未交代和解条件。"
"Mottier_Die Kraftwerke Gougra.pdf","4","未纳入具体记录","无","工程、电力供需与Gougra技术背景；文字识别质量较差，未据此断言不存在任何谈判。"
"Robert_L’aménagement hydro-électrique de la Gougra.pdf","8","未纳入具体记录","无","工程组织、股东及技术系统背景；委托设计分工不等同水权或债权交换。"
"00_Research Resources.pdf","4","未纳入具体记录","无","书目及网页入口，非独立事件证据；仅列于书目而未提供的材料未视作已阅读。"
"Stevensson_The ""bisses"" of Valais.pdf","3","有相关记录","R050","已检索全文并阅读相关段落；主表区分事件、制度模板与理论背景。"
"Louvin and Calvo_Les Communs Fonciers dans Lespace Alpin.pdf","34","有相关记录","R048","已检索全文并阅读相关段落；主表区分事件、制度模板与理论背景。"
"Savoy_Analyse de la gouvernance de la multifonctionnalité.pdf","143","有相关记录","R001；R002；R003；R004；R005；R006；R007；R008；R009；R010；R014；R015；R016；R017；R018；R019；R020；R021；R022；R023；R024；R025；R026；R027；R028；R029；R030；R031；R032；R033；R034；R035；R036；R037；R038；R039；R040；R041","已检索全文并阅读相关段落；主表区分事件、制度模板与理论背景。"
"Zimmermann_Geologische Untersuchungen.pdf","99","未纳入具体记录","无","地质研究；Schuld/danke等致谢及地层succession不是债务或权利转让。"
"Kanton Wallis_Wasserrechtskonzession.pdf","21","有相关记录","R042；R043；R044；R045；R046；R047","已检索全文并阅读相关段落；主表区分事件、制度模板与理论背景。"
"Flaminio and Reynard_Multipurpose Use of Hydropower Reservoirs.pdf","25","有相关记录","R051","已检索全文并阅读相关段落；主表区分事件、制度模板与理论背景。"
"Bagnoud_Val d’Anniviers-on prépare déjà l’échéance de la concession des Forces motrices de la Gougra en 2039.pdf","9","有相关记录","R011；R012；R013","已检索全文并阅读相关段落；主表区分事件、制度模板与理论背景。"
